gene	start	end	length	strand	gc_content	genetic_code	rbs_motif	marker	evalue	bitscore	uscg	plasmid_hallmark	virus_hallmark	taxid	taxname	annotation_conjscan	annotation_amr	annotation_accessions	annotation_description
JAJIUH010000104.1_1	1	924	924	-1	0.626	11	None	NA	NA	NA	0	0	0	1	NA	NA	NA	NA	NA
JAJIUH010000104.1_2	1139	1378	240	1	0.608	11	GGAG/GAGG	NA	NA	NA	0	0	0	1	NA	NA	NA	NA	NA
JAJIUH010000104.1_3	1378	1797	420	1	0.624	11	GGA/GAG/AGG	NA	NA	NA	0	0	0	1	NA	NA	NA	NA	NA
JAJIUH010000104.1_4	1802	4777	2976	1	0.640	11	AGGA/GGAG/GAGG	NA	NA	NA	0	0	0	1	NA	NA	NA	NA	NA
JAJIUH010000104.1_5	4796	5494	699	1	0.534	11	GGA/GAG/AGG	GENOMAD.191442.PC	3.587e-23	101	0	0	0	1	NA	NA	NA	PF03695;K07039;COG3318;TIGR02292	Uncharacterized conserved protein YecA, UPF0149 family, contains C-terminal Zn-binding SEC-C motif
JAJIUH010000107.1_1	21	1097	1077	-1	0.606	11	AGGAG	GENOMAD.047390.PP	7.187e-28	119	0	0	0	1	NA	NA	NA	NA	NA
JAJIUH010000107.1_2	1231	1851	621	-1	0.652	11	GGAG/GAGG	NA	NA	NA	0	0	0	1	NA	NA	NA	NA	NA
JAJIUH010000107.1_3	2420	3742	1323	1	0.634	11	GGA/GAG/AGG	GENOMAD.080453.PP	9.573e-08	57	0	0	0	1	NA	NA	NA	NA	NA
JAJIUH010000109.1_1	2	1351	1350	1	0.559	11	None	NA	NA	NA	0	0	0	1	NA	NA	NA	NA	NA
JAJIUH010000109.1_2	1814	3445	1632	1	0.633	11	AGGA/GGAG/GAGG	NA	NA	NA	0	0	0	1	NA	NA	NA	NA	NA
JAJIUH010000109.1_3	3420	3839	420	1	0.662	11	AGGAG	NA	NA	NA	0	0	0	1	NA	NA	NA	NA	NA
JAJIUH010000109.1_4	3836	5596	1761	1	0.680	11	None	GENOMAD.192010.PC	9.042e-25	113	0	0	0	1	NA	NA	NA	PF00497;K16254;TIGR03871;COG0834	quinoprotein dehydrogenase-associated probable ABC transporter substrate-binding protein
JAJIUH010000109.1_5	5593	6297	705	1	0.674	11	None	GENOMAD.168413.CP	3.747e-127	402	0	0	0	1	NA	NA	NA	PF09086;COG3245;TIGR03046;K12263	Cytochrome c5
JAJIUH010000109.1_6	6294	7340	1047	1	0.680	11	GGA/GAG/AGG	NA	NA	NA	0	0	0	1	NA	NA	NA	NA	NA
JAJIUH010000109.1_7	7376	8482	1107	1	0.659	11	GGAGG	NA	NA	NA	0	0	0	1	NA	NA	NA	NA	NA
JAJIUH010000109.1_8	8494	10878	2385	1	0.667	11	AGGAG	GENOMAD.183275.CP	0.0	1354	0	0	0	1	NA	NA	NA	PF14905;PF07715;TIGR01776;K16091;COG4206	TonB-dependent lactoferrin and transferrin receptors
JAJIUH010000109.1_9	10956	11618	663	-1	0.668	11	None	NA	NA	NA	0	0	0	1	NA	NA	NA	NA	NA
JAJIUH010000115.1_1	2	733	732	1	0.552	11	None	GENOMAD.123137.PC	1.145e-20	94	0	1	0	1	NA	MOBH	NA	PF07514;PF07515;TIGR03760;K12070;COG3294	Putative helicase; Putative conjugal transfer nickase/helicase TraI C-term
JAJIUH010000115.1_2	739	1278	540	-1	0.459	11	None	GENOMAD.086806.PP	4.184e-19	87	0	0	0	1	NA	NA	NA	PF13827	NA
JAJIUH010000115.1_3	1318	1899	582	-1	0.483	11	AGxAG	GENOMAD.086806.PP	3.845e-27	111	0	0	0	1	NA	NA	NA	PF13827	NA
JAJIUH010000115.1_4	1886	2404	519	-1	0.501	11	GGAG/GAGG	GENOMAD.086806.PP	1.27e-31	123	0	0	0	1	NA	NA	NA	PF13827	NA
JAJIUH010000115.1_5	2589	3248	660	1	0.567	11	None	NA	NA	NA	0	0	0	1	NA	NA	NA	NA	NA
JAJIUH010000115.1_6	3127	4473	1347	-1	0.603	11	GGA/GAG/AGG	NA	NA	NA	0	0	0	1	NA	NA	NA	NA	NA
JAJIUH010000115.1_7	4470	5060	591	-1	0.504	11	AGGA	NA	NA	NA	0	0	0	1	NA	NA	NA	NA	NA
JAJIUH010000115.1_8	5126	5656	531	-1	0.505	11	AGGAG	NA	NA	NA	0	0	0	1	NA	NA	NA	NA	NA
JAJIUH010000115.1_9	6022	6543	522	-1	0.489	11	None	GENOMAD.086806.PP	5.009e-34	130	0	0	0	1	NA	NA	NA	PF13827	NA
JAJIUH010000115.1_10	6583	7719	1137	-1	0.563	11	GGA/GAG/AGG	GENOMAD.022765.PP	3.855e-216	667	0	1	0	1	NA	T_virB6	NA	K03201;COG3704	Type IV secretory pathway, VirB6 components
JAJIUH010000115.1_11	7751	8524	774	-1	0.553	11	GGA/GAG/AGG	GENOMAD.043515.PP	1.754e-138	436	0	1	0	1	NA	B_traI	NA	PF13605;TIGR02791;COG5314;K03200	P-type DNA transfer protein VirB5
JAJIUH010000115.1_12	9045	9470	426	1	0.585	11	AGGA	NA	NA	NA	0	0	0	1	NA	NA	NA	NA	NA
JAJIUH010000115.1_13	9420	10967	1548	-1	0.578	11	GGA/GAG/AGG	NA	NA	NA	0	0	0	1	NA	NA	NA	NA	NA
JAJIUH010000115.1_14	11376	11696	321	1	0.623	11	GGAG/GAGG	NA	NA	NA	0	0	0	1	NA	NA	NA	NA	NA
JAJIUH010000115.1_15	12158	13735	1578	1	0.553	11	GGA/GAG/AGG	NA	NA	NA	0	0	0	1	NA	NA	NA	NA	NA
JAJIUH010000124.1_1	215	1141	927	-1	0.634	11	GGAG/GAGG	NA	NA	NA	0	0	0	1	NA	NA	NA	NA	NA
JAJIUH010000124.1_2	1141	3267	2127	-1	0.667	11	GGAG/GAGG	NA	NA	NA	0	0	0	1	NA	NA	NA	NA	NA
JAJIUH010000124.1_3	3508	3900	393	-1	0.616	11	AGGAG	NA	NA	NA	0	0	0	1	NA	NA	NA	NA	NA
JAJIUH010000124.1_4	3922	4134	213	-1	0.592	11	AGGAG	NA	NA	NA	0	0	0	1	NA	NA	NA	NA	NA
JAJIUH010000124.1_5	4607	6145	1539	-1	0.652	11	AGGAG	GENOMAD.208994.VP	2.183e-61	224	0	0	0	1246	Caudoviricetes	NA	NA	PF00145;K21507;TIGR00675;COG0270	DNA-methyltransferase (dcm)
JAJIUH010000124.1_6	6680	8692	2013	-1	0.640	11	GGA/GAG/AGG	NA	NA	NA	0	0	0	1	NA	NA	NA	NA	NA
JAJIUH010000124.1_7	8972	9412	441	-1	0.619	11	GGAG/GAGG	NA	NA	NA	0	0	0	1	NA	NA	NA	NA	NA
JAJIUH010000124.1_8	9486	10019	534	-1	0.614	11	GGA/GAG/AGG	GENOMAD.067442.PP	1.301e-33	129	0	0	0	1	NA	NA	NA	PF11358	NA
JAJIUH010000124.1_9	10016	10771	756	-1	0.618	11	GGA/GAG/AGG	GENOMAD.171663.PC	1.409e-94	309	0	0	0	1	NA	NA	NA	PF08900;TIGR03761	integrating conjugative element protein, PFL_4669 family
JAJIUH010000124.1_10	11093	12319	1227	-1	0.597	11	GGA/GAG/AGG	GENOMAD.192798.PC	1.098e-87	297	0	0	0	1	NA	NA	NA	NA	NA
JAJIUH010000124.1_11	12323	12883	561	-1	0.588	11	GGAG/GAGG	GENOMAD.180325.PC	2.943e-46	166	0	0	0	1	NA	NA	NA	PF11198	NA
JAJIUH010000124.1_12	12899	14542	1644	-1	0.645	11	GGAG/GAGG	GENOMAD.183789.PC	1.254e-84	294	0	1	0	1	NA	NA	NA	PF02195;TIGR03764;COG1475;K03497	integrating conjugative element, PFGI_1 class, ParB family protein
JAJIUH010000124.1_13	14535	14795	261	-1	0.651	11	GGAGG	GENOMAD.223849.VP	3.135e-10	57	0	0	0	1	NA	NA	NA	NA	NA
JAJIUH010000126.1_1	3	2951	2949	1	0.639	11	None	NA	NA	NA	0	0	0	1	NA	NA	NA	NA	NA
JAJIUH010000126.1_2	2992	3642	651	1	0.607	11	AGGAG	GENOMAD.082990.PP	2.63e-79	263	0	0	0	1	NA	NA	NA	NA	NA
JAJIUH010000126.1_3	4097	5179	1083	1	0.532	11	GGA/GAG/AGG	NA	NA	NA	0	0	0	1	NA	NA	NA	NA	NA
JAJIUH010000126.1_4	5346	8471	3126	-1	0.651	11	GGA/GAG/AGG	NA	NA	NA	0	0	0	1	NA	NA	NA	NA	NA
JAJIUH010000126.1_5	8468	9538	1071	-1	0.680	11	AGGA	NA	NA	NA	0	0	0	1	NA	NA	NA	NA	NA
JAJIUH010000126.1_6	9940	11916	1977	-1	0.654	11	GGAG/GAGG	NA	NA	NA	0	0	0	1	NA	NA	NA	NA	NA
JAJIUH010000126.1_7	11916	12824	909	-1	0.664	11	None	NA	NA	NA	0	0	0	1	NA	NA	NA	NA	NA
JAJIUH010000126.1_8	13004	14851	1848	1	0.690	11	GGA/GAG/AGG	GENOMAD.148123.CP	2.55e-13	76	0	0	0	1	NA	NA	NA	PF08021;COG0543;TIGR02911;K11933	NAD(P)H-flavin reductase
JAJIUH010000126.1_9	14968	16674	1707	1	0.665	11	None	NA	NA	NA	0	0	0	1	NA	NA	NA	NA	NA
JAJIUH010000126.1_10	16671	17396	726	1	0.640	11	GGA/GAG/AGG	NA	NA	NA	0	0	0	1	NA	NA	NA	NA	NA
JAJIUH010000126.1_11	17523	19124	1602	-1	0.675	11	GGAG/GAGG	GENOMAD.154339.CP	1.45e-69	249	0	0	0	1	NA	NA	NA	PF03929;COG3182;K03863	PepSY-associated TM region
JAJIUH010000126.1_12	19124	21151	2028	-1	0.663	11	GGA/GAG/AGG	GENOMAD.127342.CP	2.34e-23	109	0	0	0	1	NA	NA	NA	PF11854;PF07715;TIGR01776;COG4773;K16090	TonB-dependent lactoferrin and transferrin receptors
JAJIUH010000126.1_13	21322	21759	438	-1	0.674	11	None	GENOMAD.072167.PP	1.499e-05	46	0	0	0	1	NA	NA	NA	PF11162	NA
JAJIUH010000126.1_14	22024	23259	1236	1	0.659	11	GGA/GAG/AGG	GENOMAD.178893.CP	5.046e-05	48	0	0	0	1	NA	NA	NA	PF15714;K20962;COG1956	GAF domain-containing protein, putative methionine-R-sulfoxide reductase
JAJIUH010000129.1_1	3	932	930	-1	0.610	11	AGGAG	NA	NA	NA	0	0	0	1	NA	NA	NA	NA	NA
JAJIUH010000129.1_2	965	1624	660	-1	0.605	11	GGAG/GAGG	NA	NA	NA	0	0	0	1	NA	NA	NA	NA	NA
JAJIUH010000129.1_3	1783	2424	642	-1	0.615	11	GGA/GAG/AGG	NA	NA	NA	0	0	0	1	NA	NA	NA	NA	NA
JAJIUH010000129.1_4	2820	5495	2676	1	0.660	11	GGA/GAG/AGG	NA	NA	NA	0	0	0	1	NA	NA	NA	NA	NA
JAJIUH010000129.1_5	5820	6377	558	-1	0.573	11	GGA/GAG/AGG	NA	NA	NA	0	0	0	1	NA	NA	NA	NA	NA
JAJIUH010000129.1_6	6427	6810	384	1	0.622	11	GGA/GAG/AGG	NA	NA	NA	0	0	0	1	NA	NA	NA	NA	NA
JAJIUH010000129.1_7	7389	7958	570	1	0.651	11	GGA/GAG/AGG	NA	NA	NA	0	0	0	1	NA	NA	NA	NA	NA
JAJIUH010000129.1_8	7994	9166	1173	1	0.689	11	AGGA	NA	NA	NA	0	0	0	1	NA	NA	NA	NA	NA
JAJIUH010000129.1_9	9166	10659	1494	1	0.685	11	GGAG/GAGG	GENOMAD.178810.CP	2.554e-26	117	0	0	0	1	NA	NA	NA	PF19465;PF00135;K01753;TIGR02035;COG3048	D-serine ammonia-lyase
JAJIUH010000133.1_1	3	659	657	1	0.604	11	None	NA	NA	NA	0	0	0	1	NA	NA	NA	NA	NA
JAJIUH010000133.1_2	1127	3229	2103	-1	0.564	11	AGGA	NA	NA	NA	0	0	0	1	NA	NA	NA	NA	NA
JAJIUH010000133.1_3	3529	4590	1062	-1	0.556	11	None	NA	NA	NA	0	0	0	1	NA	NA	NA	NA	NA
JAJIUH010000133.1_4	4897	5379	483	1	0.605	11	GGAG/GAGG	GENOMAD.208754.PC	1.223e-26	108	0	0	0	1	NA	NA	NA	NA	NA
JAJIUH010000133.1_5	5404	5619	216	1	0.657	11	GGAG/GAGG	NA	NA	NA	0	0	0	1	NA	NA	NA	NA	NA
JAJIUH010000133.1_6	5517	6056	540	-1	0.635	11	AGGA	NA	NA	NA	0	0	0	1	NA	NA	NA	NA	NA
JAJIUH010000133.1_7	6064	7422	1359	-1	0.694	11	GGAGG	GENOMAD.148335.PP	2.198e-111	368	0	0	0	1	NA	NA	NA	PF14459;TIGR03736;COG4015;K21029	Prokaryotic E2 family C
JAJIUH010000133.1_8	7419	7910	492	-1	0.683	11	AGGA	GENOMAD.127111.PP	1.465e-43	157	0	0	0	1	NA	NA	NA	PF01398;COG1310;TIGR02256;K21140	JAB1/Mov34/MPN/PAD-1 ubiquitin protease
JAJIUH010000133.1_9	7891	8361	471	-1	0.705	11	GGA/GAG/AGG	GENOMAD.166214.PP	4.434e-45	161	0	0	0	1	NA	NA	NA	PF14455	Predicted metal binding domain
JAJIUH010000133.1_10	8361	8867	507	-1	0.677	11	AGGAG	GENOMAD.160383.PP	6.507e-55	190	0	0	0	1	NA	NA	NA	NA	NA
JAJIUH010000133.1_11	8971	12282	3312	-1	0.666	11	GGAG/GAGG	NA	NA	NA	0	0	0	1	NA	NA	NA	NA	NA
JAJIUH010000133.1_12	12279	12902	624	-1	0.667	11	AGGAG	NA	NA	NA	0	0	0	1	NA	NA	NA	NA	NA
JAJIUH010000133.1_13	12899	13687	789	-1	0.631	11	GGAG/GAGG	NA	NA	NA	0	0	0	1	NA	NA	NA	NA	NA
JAJIUH010000133.1_14	13826	14077	252	-1	0.714	11	GGAG/GAGG	NA	NA	NA	0	0	0	1	NA	NA	NA	NA	NA
JAJIUH010000133.1_15	14145	16343	2199	-1	0.692	11	AGGAG	NA	NA	NA	0	0	0	1	NA	NA	NA	NA	NA
JAJIUH010000133.1_16	16354	17445	1092	-1	0.679	11	None	NA	NA	NA	0	0	0	1	NA	NA	NA	NA	NA
JAJIUH010000133.1_17	17792	19177	1386	-1	0.628	11	None	NA	NA	NA	0	0	0	1	NA	NA	NA	NA	NA
JAJIUH010000133.1_18	19218	20675	1458	-1	0.620	11	AGGAG	NA	NA	NA	0	0	0	1	NA	NA	NA	NA	NA
JAJIUH010000133.1_19	20899	21984	1086	-1	0.692	11	None	NA	NA	NA	0	0	0	1	NA	NA	NA	NA	NA
JAJIUH010000133.1_20	22090	23031	942	1	0.611	11	GGAGG	GENOMAD.101048.PP	2.607e-21	98	0	1	0	1	NA	NA	NA	PF11740	Plasmid replication region DNA-binding N-term
JAJIUH010000133.1_21	23031	23150	120	1	0.583	11	GGA/GAG/AGG	NA	NA	NA	0	0	0	1	NA	NA	NA	NA	NA
JAJIUH010000133.1_22	23179	23451	273	1	0.604	11	GGA/GAG/AGG	GENOMAD.223508.VP	4.623e-08	51	0	0	0	1246	Caudoviricetes	NA	NA	NA	NA
JAJIUH010000133.1_23	24068	24370	303	1	0.640	11	GGAG/GAGG	NA	NA	NA	0	0	0	1	NA	NA	NA	NA	NA
JAJIUH010000133.1_24	24367	24681	315	1	0.711	11	GGA/GAG/AGG	NA	NA	NA	0	0	0	1	NA	NA	NA	NA	NA
JAJIUH010000133.1_25	24690	24908	219	1	0.653	11	GGA/GAG/AGG	NA	NA	NA	0	0	0	1	NA	NA	NA	NA	NA
JAJIUH010000133.1_26	24895	25371	477	1	0.608	11	GGA/GAG/AGG	NA	NA	NA	0	0	0	1	NA	NA	NA	NA	NA
JAJIUH010000133.1_27	25451	25900	450	1	0.616	11	GGAG/GAGG	GENOMAD.222853.VP	2.181e-14	72	0	0	0	1246	Caudoviricetes	NA	NA	PF14122;TIGR04165;COG5349	NA
JAJIUH010000133.1_28	25921	26217	297	1	0.599	11	AGGAG	NA	NA	NA	0	0	0	1	NA	NA	NA	NA	NA
JAJIUH010000133.1_29	26321	26719	399	1	0.619	11	GGAG/GAGG	NA	NA	NA	0	0	0	1	NA	NA	NA	NA	NA
JAJIUH010000133.1_30	26719	26940	222	1	0.599	11	None	NA	NA	NA	0	0	0	1	NA	NA	NA	NA	NA
JAJIUH010000133.1_31	26950	29898	2949	1	0.635	11	AGGA	NA	NA	NA	0	0	0	1	NA	NA	NA	NA	NA
JAJIUH010000133.1_32	29919	30266	348	1	0.566	11	AGGAG	NA	NA	NA	0	0	0	1	NA	NA	NA	NA	NA
JAJIUH010000133.1_33	30266	30478	213	1	0.545	11	AGGAG	NA	NA	NA	0	0	0	1	NA	NA	NA	NA	NA
JAJIUH010000133.1_34	30478	31521	1044	1	0.589	11	GGA/GAG/AGG	GENOMAD.081128.PP	1.018e-11	69	0	1	0	1	NA	NA	NA	PF11740	Plasmid replication region DNA-binding N-term
JAJIUH010000133.1_35	31659	31850	192	1	0.542	11	GGAG/GAGG	NA	NA	NA	0	0	0	1	NA	NA	NA	NA	NA
JAJIUH010000133.1_36	31850	32329	480	1	0.535	11	GGA/GAG/AGG	NA	NA	NA	0	0	0	1	NA	NA	NA	NA	NA
JAJIUH010000133.1_37	32326	33192	867	1	0.622	11	None	NA	NA	NA	0	0	0	1	NA	NA	NA	NA	NA
JAJIUH010000133.1_38	33221	33682	462	1	0.530	11	GGAGG	NA	NA	NA	0	0	0	1	NA	NA	NA	NA	NA
JAJIUH010000133.1_39	33706	33963	258	-1	0.574	11	None	NA	NA	NA	0	0	0	1	NA	NA	NA	NA	NA
JAJIUH010000133.1_40	34263	34463	201	1	0.557	11	AGGAG	NA	NA	NA	0	0	0	1	NA	NA	NA	NA	NA
JAJIUH010000133.1_41	34909	35307	399	1	0.534	11	GGAG/GAGG	NA	NA	NA	0	0	0	1	NA	NA	NA	NA	NA
JAJIUH010000133.1_42	35415	36920	1506	1	0.559	11	GGAG/GAGG	NA	NA	NA	0	0	0	1	NA	NA	NA	NA	NA
JAJIUH010000133.1_43	36917	37420	504	1	0.607	11	None	NA	NA	NA	0	0	0	1	NA	NA	NA	NA	NA
JAJIUH010000133.1_44	37417	38331	915	-1	0.621	11	GGAG/GAGG	NA	NA	NA	0	0	0	1	NA	NA	NA	NA	NA
JAJIUH010000133.1_45	38342	41245	2904	-1	0.600	11	GGA/GAG/AGG	NA	NA	NA	0	0	0	1	NA	NA	NA	NA	NA
JAJIUH010000133.1_46	41306	42292	987	-1	0.603	11	None	NA	NA	NA	0	0	0	1	NA	NA	NA	NA	NA
JAJIUH010000133.1_47	42295	42948	654	-1	0.552	11	AGGAG	NA	NA	NA	0	0	0	1	NA	NA	NA	NA	NA
JAJIUH010000133.1_48	43214	43402	189	1	0.593	11	AGGA	NA	NA	NA	0	0	0	1	NA	NA	NA	NA	NA
JAJIUH010000133.1_49	43457	44842	1386	-1	0.577	11	GGAG/GAGG	GENOMAD.026355.VV	1.884e-20	98	0	0	1	1246	Caudoviricetes	NA	NA	PF20307;TIGR02238	Divergent DnaB-like ATPase
JAJIUH010000133.1_50	45128	45919	792	-1	0.580	11	AGGAGG	NA	NA	NA	0	0	0	1	NA	NA	NA	NA	NA
JAJIUH010000133.1_51	45950	47035	1086	-1	0.610	11	GGAGG	NA	NA	NA	0	0	0	1	NA	NA	NA	NA	NA
JAJIUH010000133.1_52	47037	47141	105	-1	0.590	11	AGGAG	NA	NA	NA	0	0	0	1	NA	NA	NA	NA	NA
JAJIUH010000133.1_53	47243	47686	444	-1	0.572	11	GGA/GAG/AGG	NA	NA	NA	0	0	0	1	NA	NA	NA	NA	NA
JAJIUH010000133.1_54	47730	48518	789	-1	0.575	11	GGAG/GAGG	GENOMAD.171948.PC	3.878e-14	75	0	0	0	1	NA	NA	NA	PF13462;COG3917;TIGR00385	2-hydroxychromene-2-carboxylate isomerase
JAJIUH010000133.1_55	48506	49126	621	-1	0.581	11	AGGAG	NA	NA	NA	0	0	0	1	NA	NA	NA	NA	NA
JAJIUH010000133.1_56	49116	51677	2562	-1	0.584	11	None	NA	NA	NA	0	0	0	1	NA	NA	NA	NA	NA
JAJIUH010000133.1_57	51688	52467	780	-1	0.642	11	GGAG/GAGG	NA	NA	NA	0	0	0	1	NA	NA	NA	NA	NA
JAJIUH010000133.1_58	52448	53599	1152	-1	0.576	11	GGAGG	GENOMAD.119448.PC	5.199e-16	83	0	1	0	1	NA	I_trbA	NA	K12218	NA
JAJIUH010000133.1_59	53596	54276	681	-1	0.614	11	GGAGG	GENOMAD.111553.PC	3.431e-20	92	0	0	0	1	NA	NA	NA	PF19489;K18377;COG4764	Transglycosylase SLT domain
JAJIUH010000133.1_60	54276	54773	498	-1	0.633	11	GGA/GAG/AGG	NA	NA	NA	0	0	0	1	NA	NA	NA	NA	NA
JAJIUH010000133.1_61	54770	55825	1056	-1	0.632	11	GGA/GAG/AGG	NA	NA	NA	0	0	0	1	NA	NA	NA	NA	NA
JAJIUH010000133.1_62	55827	56192	366	-1	0.607	11	GGAG/GAGG	NA	NA	NA	0	0	0	1	NA	NA	NA	NA	NA
JAJIUH010000133.1_63	56363	56689	327	-1	0.627	11	GGA/GAG/AGG	NA	NA	NA	0	0	0	1	NA	NA	NA	NA	NA
JAJIUH010000133.1_64	56658	58214	1557	-1	0.626	11	None	NA	NA	NA	0	0	0	1	NA	NA	NA	NA	NA
JAJIUH010000133.1_65	58217	58438	222	-1	0.671	11	GGAG/GAGG	NA	NA	NA	0	0	0	1	NA	NA	NA	NA	NA
JAJIUH010000133.1_66	58450	59754	1305	-1	0.666	11	GGA/GAG/AGG	NA	NA	NA	0	0	0	1	NA	NA	NA	NA	NA
JAJIUH010000133.1_67	59824	60741	918	-1	0.637	11	None	NA	NA	NA	0	0	0	1	NA	NA	NA	NA	NA
JAJIUH010000133.1_68	60822	61436	615	-1	0.567	11	GGAG/GAGG	NA	NA	NA	0	0	0	1	NA	NA	NA	NA	NA
JAJIUH010000133.1_69	61433	62263	831	-1	0.574	11	GGA/GAG/AGG	NA	NA	NA	0	0	0	1	NA	NA	NA	NA	NA
JAJIUH010000133.1_70	62263	63399	1137	-1	0.585	11	GGAGG	GENOMAD.094291.PP	8.505e-117	380	0	0	0	1	NA	I_traW	NA	NA	NA
JAJIUH010000133.1_71	63399	63899	501	-1	0.551	11	AGGAG	NA	NA	NA	0	0	0	1	NA	NA	NA	NA	NA
JAJIUH010000133.1_72	63889	64392	504	-1	0.617	11	GGA/GAG/AGG	GENOMAD.206076.PC	0.0005288	42	0	0	0	1	NA	NA	NA	K12224	NA
JAJIUH010000133.1_73	64775	67036	2262	1	0.553	11	GGAG/GAGG	GENOMAD.108209.PC	8.862e-25	114	0	0	0	1	NA	I_traY	NA	NA	NA
JAJIUH010000133.1_74	67148	67528	381	1	0.583	11	GGAG/GAGG	NA	NA	NA	0	0	0	1	NA	NA	NA	NA	NA
JAJIUH010000133.1_75	68229	68906	678	-1	0.527	11	None	NA	NA	NA	0	0	0	1	NA	NA	NA	NA	NA
JAJIUH010000133.1_76	68926	69357	432	-1	0.481	11	AGGAG	NA	NA	NA	0	0	0	1	NA	NA	NA	NA	NA
JAJIUH010000133.1_77	69759	70031	273	1	0.623	11	GGAGG	NA	NA	NA	0	0	0	1	NA	NA	NA	NA	NA
JAJIUH010000133.1_78	70097	70915	819	1	0.609	11	GGA/GAG/AGG	NA	NA	NA	0	0	0	1	NA	NA	NA	NA	NA
JAJIUH010000133.1_79	71054	71239	186	-1	0.565	11	GGA/GAG/AGG	NA	NA	NA	0	0	0	1	NA	NA	NA	NA	NA
JAJIUH010000133.1_80	71377	71640	264	1	0.583	11	AGGAG	NA	NA	NA	0	0	0	1	NA	NA	NA	NA	NA
JAJIUH010000133.1_81	71634	72479	846	1	0.613	11	None	NA	NA	NA	0	0	0	1	NA	NA	NA	NA	NA
JAJIUH010000013.1_1	1	801	801	1	0.663	11	None	GENOMAD.093434.CV	4.172e-23	102	0	0	0	1	NA	NA	NA	PF01578;COG4137;TIGR03144;K02497	ABC-type uncharacterized transport system, permease component
JAJIUH010000013.1_2	1066	2115	1050	-1	0.668	11	GGA/GAG/AGG	GENOMAD.162190.CP	1.438e-08	59	0	0	0	1	NA	NA	NA	PF01263;COG2017;TIGR02636;K01785	Galactose mutarotase or related enzyme
JAJIUH010000013.1_3	2353	3936	1584	1	0.640	11	AGGAG	NA	NA	NA	0	0	0	1	NA	NA	NA	NA	NA
JAJIUH010000013.1_4	4165	4533	369	-1	0.618	11	AGGAG	NA	NA	NA	0	0	0	1	NA	NA	NA	NA	NA
JAJIUH010000013.1_5	4526	5689	1164	-1	0.637	11	AGGA/GGAG/GAGG	NA	NA	NA	0	0	0	1	NA	NA	NA	NA	NA
JAJIUH010000013.1_6	5848	9021	3174	1	0.653	11	None	GENOMAD.142686.CP	1.564e-34	147	0	0	0	1	NA	NA	NA	K19691;COG3159	NA
JAJIUH010000013.1_7	9018	9842	825	1	0.628	11	None	GENOMAD.111713.CP	4.958e-15	78	0	0	0	1	NA	NA	NA	PF01739;PF20225;PF03705;K00575;COG1352;TIGR04345	Methylase of chemotaxis methyl-accepting proteins
JAJIUH010000013.1_8	9839	10423	585	1	0.691	11	GGA/GAG/AGG	NA	NA	NA	0	0	0	1	NA	NA	NA	NA	NA
JAJIUH010000013.1_9	10420	11550	1131	1	0.637	11	GGA/GAG/AGG	NA	NA	NA	0	0	0	1	NA	NA	NA	NA	NA
JAJIUH010000013.1_10	11914	12279	366	1	0.598	11	GGAGG	NA	NA	NA	0	0	0	1	NA	NA	NA	NA	NA
JAJIUH010000013.1_11	12453	12899	447	1	0.655	11	GGAG/GAGG	GENOMAD.159874.CP	6.479e-09	56	0	0	0	1	NA	NA	NA	PF10122;K03672;TIGR01206;COG1996	lysine biosynthesis protein LysW
JAJIUH010000013.1_12	13017	15386	2370	-1	0.644	11	AGGA	GENOMAD.129297.CP	3.086e-19	96	0	0	0	1	NA	NA	NA	K15721;COG4773	Outer membrane receptor for ferric coprogen and ferric-rhodotorulic acid
JAJIUH010000013.1_13	15672	17339	1668	1	0.655	11	GGAG/GAGG	GENOMAD.137986.CP	2.342e-06	53	0	0	0	1	NA	NA	NA	PF03664;PF04616;COG3507;K15921	Beta-xylosidase
JAJIUH010000013.1_14	17432	19387	1956	-1	0.652	11	GGAGG	NA	NA	NA	0	0	0	1	NA	NA	NA	NA	NA
JAJIUH010000013.1_15	19377	20252	876	-1	0.623	11	GGAGG	NA	NA	NA	0	0	0	1	NA	NA	NA	NA	NA
JAJIUH010000013.1_16	20249	21247	999	-1	0.700	11	GGA/GAG/AGG	GENOMAD.137465.CP	2.688e-89	298	0	0	0	1	NA	NA	NA	PF07228;PF13581;K05518;COG0631;TIGR01924	Stage II sporulation protein E (SpoIIE); Histidine kinase-like ATPase domain
JAJIUH010000013.1_17	21250	21645	396	-1	0.664	11	None	GENOMAD.137439.CP	1.151e-31	121	0	0	0	1	NA	NA	NA	PF13581;K17752;TIGR01924;COG2172	serine-protein kinase RsbW
JAJIUH010000013.1_18	21642	22004	363	-1	0.631	11	GGA/GAG/AGG	GENOMAD.140621.CP	4.787e-44	156	0	0	0	1	NA	NA	NA	PF01740;K17762;TIGR02886;COG1366	anti-sigma F factor antagonist
JAJIUH010000013.1_19	22006	22848	843	-1	0.626	11	GGxGG	GENOMAD.138290.CP	1.883e-47	174	0	0	0	1	NA	NA	NA	PF09385;PF01740;K17762;COG5439;TIGR02886	anti-sigma F factor antagonist
JAJIUH010000013.1_20	23509	25833	2325	-1	0.665	11	AGGAG	GENOMAD.194623.CP	0.0	1370	0	0	0	1	NA	NA	NA	PF07079;TIGR03939;COG2956;K11935	poly-beta-1,6 N-acetyl-D-glucosamine export porin PgaA
JAJIUH010000013.1_21	25859	27727	1869	-1	0.663	11	4Base/6BMM	NA	NA	NA	0	0	0	1	NA	NA	NA	NA	NA
JAJIUH010000013.1_22	27939	29369	1431	-1	0.655	11	GGA/GAG/AGG	NA	NA	NA	0	0	0	1	NA	NA	NA	NA	NA
JAJIUH010000013.1_23	30199	30990	792	1	0.629	11	GGA/GAG/AGG	NA	NA	NA	0	0	0	1	NA	NA	NA	NA	NA
JAJIUH010000013.1_24	31513	31899	387	-1	0.607	11	AGGAG	NA	NA	NA	0	0	0	1	NA	NA	NA	NA	NA
JAJIUH010000013.1_25	32310	33701	1392	-1	0.672	11	None	NA	NA	NA	0	0	0	1	NA	NA	NA	NA	NA
JAJIUH010000013.1_26	33951	35831	1881	-1	0.633	11	GGAG/GAGG	GENOMAD.124001.CP	2.437e-198	629	0	0	0	1	NA	NA	NA	PF17899;PF01433;PF19805;COG3975;TIGR02411;K01254	Predicted metalloprotease, contains C-terminal PDZ domain
JAJIUH010000013.1_27	36000	36335	336	-1	0.598	11	GGAG/GAGG	GENOMAD.170384.CP	1.944e-17	79	0	0	0	1	NA	NA	NA	PF03626;K02300;TIGR02847;COG3125	cytochrome o ubiquinol oxidase subunit IV
JAJIUH010000013.1_28	36335	36961	627	-1	0.632	11	AGxAGG/AGGxGG	NA	NA	NA	0	0	0	1	NA	NA	NA	NA	NA
JAJIUH010000013.1_29	36964	38964	2001	-1	0.616	11	GGAG/GAGG	NA	NA	NA	0	0	0	1	NA	NA	NA	NA	NA
JAJIUH010000013.1_30	38964	39899	936	-1	0.605	11	GGA/GAG/AGG	GENOMAD.182403.PC	3.07e-05	48	0	0	0	1	NA	NA	NA	PF06481	COX Aromatic Rich Motif
JAJIUH010000013.1_31	40461	41567	1107	1	0.623	11	None	NA	NA	NA	0	0	0	1	NA	NA	NA	NA	NA
JAJIUH010000013.1_32	41578	42141	564	1	0.638	11	GGAG/GAGG	NA	NA	NA	0	0	0	1	NA	NA	NA	NA	NA
JAJIUH010000013.1_33	42477	43064	588	1	0.544	11	AGGAG	NA	NA	NA	0	0	0	1	NA	NA	NA	NA	NA
JAJIUH010000013.1_34	43064	44293	1230	1	0.574	11	GGAG/GAGG	NA	NA	NA	0	0	0	1	NA	NA	NA	NA	NA
JAJIUH010000013.1_35	44318	44884	567	1	0.593	11	GGA/GAG/AGG	GENOMAD.036274.PP	1.766e-09	59	0	0	0	1	NA	NA	NA	NA	NA
JAJIUH010000013.1_36	44899	48411	3513	1	0.597	11	GGA/GAG/AGG	NA	NA	NA	0	0	0	1	NA	NA	NA	NA	NA
JAJIUH010000013.1_37	48637	49863	1227	-1	0.625	11	AGGAG	GENOMAD.065561.PP	1.117e-20	98	0	1	0	1	NA	MOBQ	NA	PF03389;TIGR02768;COG0507	MobA/MobL family
JAJIUH010000013.1_38	50326	50778	453	1	0.576	11	GGAG/GAGG	NA	NA	NA	0	0	0	1	NA	NA	NA	NA	NA
JAJIUH010000013.1_39	50782	51096	315	1	0.581	11	GGA/GAG/AGG	GENOMAD.216355.PV	3.428e-32	121	0	0	0	1	NA	NA	NA	NA	NA
JAJIUH010000013.1_40	51112	53607	2496	1	0.650	11	GGAG/GAGG	GENOMAD.119324.PC	5.617e-142	474	0	0	0	1	NA	I_traY	NA	NA	NA
JAJIUH010000013.1_41	53612	53998	387	1	0.630	11	AGGA	NA	NA	NA	0	0	0	1	NA	NA	NA	NA	NA
JAJIUH010000013.1_42	54004	54453	450	1	0.618	11	GGA/GAG/AGG	GENOMAD.041325.PP	1.344e-20	90	0	0	0	1	NA	NA	NA	PF14122;K13655;COG5349;TIGR03830	YokU-like protein, putative antitoxin
JAJIUH010000013.1_43	54471	55013	543	1	0.646	11	GGAG/GAGG	NA	NA	NA	0	0	0	1	NA	NA	NA	NA	NA
JAJIUH010000013.1_44	55010	56152	1143	1	0.650	11	GGAG/GAGG	NA	NA	NA	0	0	0	1	NA	NA	NA	NA	NA
JAJIUH010000013.1_45	56152	56592	441	1	0.669	11	GGAG/GAGG	NA	NA	NA	0	0	0	1	NA	NA	NA	NA	NA
JAJIUH010000013.1_46	56876	57403	528	1	0.591	11	GGAG/GAGG	NA	NA	NA	0	0	0	1	NA	NA	NA	NA	NA
JAJIUH010000013.1_47	57564	58160	597	-1	0.531	11	None	NA	NA	NA	0	0	0	1	NA	NA	NA	NA	NA
JAJIUH010000013.1_48	58160	59017	858	-1	0.529	11	None	NA	NA	NA	0	0	0	1	NA	NA	NA	NA	NA
JAJIUH010000016.1_1	2	952	951	1	0.559	11	None	NA	NA	NA	0	0	0	1	NA	NA	NA	NA	NA
JAJIUH010000016.1_2	953	1774	822	1	0.583	11	AGGA/GGAG/GAGG	GENOMAD.159942.PC	1.642e-103	336	0	0	0	1	NA	NA	NA	NA	NA
JAJIUH010000016.1_3	1771	3057	1287	1	0.545	11	GGAG/GAGG	NA	NA	NA	0	0	0	1	NA	NA	NA	NA	NA
JAJIUH010000016.1_4	3054	3782	729	1	0.531	11	GGA/GAG/AGG	NA	NA	NA	0	0	0	1	NA	NA	NA	NA	NA
JAJIUH010000016.1_5	3885	3995	111	-1	0.459	11	None	NA	NA	NA	0	0	0	1	NA	NA	NA	NA	NA
JAJIUH010000019.1_1	2	568	567	-1	0.672	11	AGGAG	GENOMAD.136393.CP	7.96e-05	45	0	0	0	1	NA	NA	NA	PF03358;K03809;COG0655;TIGR01755	Multimeric flavodoxin WrbA
JAJIUH010000019.1_2	800	1696	897	-1	0.686	11	GGA/GAG/AGG	GENOMAD.190451.PC	2.67e-11	67	0	0	0	1	NA	NA	NA	K21698;TIGR02424;COG0583	pca operon transcription factor PcaQ
JAJIUH010000019.1_3	2063	2881	819	1	0.707	11	AGGAG	GENOMAD.153335.CP	1.779e-10	64	0	0	0	1	NA	NA	NA	PF02900;K00455;TIGR02298;COG3384	3,4-dihydroxyphenylacetate 2,3-dioxygenase
JAJIUH010000019.1_4	3089	4333	1245	1	0.632	11	None	GENOMAD.154219.PC	3.601e-126	409	0	1	0	1	NA	NA	NA	PF06412;TIGR03916;COG4277	putative DNA modification/repair radical SAM protein
JAJIUH010000019.1_5	4600	6036	1437	1	0.658	11	None	GENOMAD.195628.PC	1.066e-42	167	0	0	0	1	NA	NA	NA	PF13566;TIGR03915;K14162	probable DNA metabolism protein
JAJIUH010000019.1_6	6554	7111	558	-1	0.633	11	AGGA	GENOMAD.136862.CP	1.257e-16	80	0	0	0	1	NA	NA	NA	PF02469;COG2335;K19897	Uncaracterized surface protein containing fasciclin (FAS1) repeats
JAJIUH010000019.1_7	7813	9450	1638	1	0.654	11	None	NA	NA	NA	0	0	0	1	NA	NA	NA	NA	NA
JAJIUH010000019.1_8	9727	10671	945	1	0.644	11	None	NA	NA	NA	0	0	0	1	NA	NA	NA	NA	NA
JAJIUH010000019.1_9	10668	11429	762	1	0.615	11	AGGAG	GENOMAD.129876.CP	3.172e-37	143	0	0	0	1	NA	NA	NA	K09694;COG3694	ABC-type uncharacterized transport system, permease component
JAJIUH010000026.1_1	16	246	231	1	0.636	11	GGAG/GAGG	GENOMAD.056550.PP	8.973e-33	121	0	0	0	1	NA	NA	NA	PF12703	Toxin of toxin-antitoxin type 1 system
JAJIUH010000026.1_2	465	803	339	-1	0.649	11	GGA/GAG/AGG	GENOMAD.195024.PC	0.0006682	40	0	0	0	1	NA	NA	NA	PF09720;TIGR02574	putative addiction module component, TIGR02574 family
JAJIUH010000026.1_3	1109	1309	201	1	0.562	11	GGA/GAG/AGG	NA	NA	NA	0	0	0	1	NA	NA	NA	NA	NA
JAJIUH010000026.1_4	1368	4148	2781	1	0.580	11	AGGA/GGAG/GAGG	NA	NA	NA	0	0	0	1	NA	NA	NA	NA	NA
JAJIUH010000026.1_5	4145	6199	2055	1	0.614	11	GGAG/GAGG	NA	NA	NA	0	0	0	1	NA	NA	NA	NA	NA
JAJIUH010000026.1_6	6192	7403	1212	1	0.640	11	GGAGG	NA	NA	NA	0	0	0	1	NA	NA	NA	NA	NA
JAJIUH010000026.1_7	7400	10069	2670	1	0.584	11	AGGA	NA	NA	NA	0	0	0	1	NA	NA	NA	NA	NA
JAJIUH010000026.1_8	10051	11226	1176	1	0.620	11	GGAG/GAGG	NA	NA	NA	0	0	0	1	NA	NA	NA	NA	NA
JAJIUH010000026.1_9	11223	11486	264	1	0.595	11	GGA/GAG/AGG	GENOMAD.009592.PP	4.085e-08	51	0	0	0	1	NA	NA	NA	NA	NA
JAJIUH010000026.1_10	11747	11815	69	-1	0.623	11	None	NA	NA	NA	0	0	0	1	NA	NA	NA	NA	NA
JAJIUH010000032.1_1	3	230	228	-1	0.575	11	GGA/GAG/AGG	NA	NA	NA	0	0	0	1	NA	NA	NA	NA	NA
JAJIUH010000032.1_2	256	1605	1350	-1	0.584	11	None	NA	NA	NA	0	0	0	1	NA	NA	NA	NA	NA
JAJIUH010000032.1_3	1602	2186	585	-1	0.491	11	AGGA	NA	NA	NA	0	0	0	1	NA	NA	NA	NA	NA
JAJIUH010000032.1_4	2575	3105	531	-1	0.484	11	GGA/GAG/AGG	GENOMAD.086806.PP	1.014e-26	109	0	0	0	1	NA	NA	NA	PF13827	NA
JAJIUH010000032.1_5	3126	4289	1164	-1	0.583	11	GGA/GAG/AGG	GENOMAD.022765.PP	4.615e-201	624	0	1	0	1	NA	T_virB6	NA	K03201;COG3704	Type IV secretory pathway, VirB6 components
JAJIUH010000032.1_6	4313	5662	1350	-1	0.602	11	GGA/GAG/AGG	NA	NA	NA	0	0	0	1	NA	NA	NA	NA	NA
JAJIUH010000032.1_7	5659	6243	585	-1	0.487	11	AGGA	NA	NA	NA	0	0	0	1	NA	NA	NA	NA	NA
JAJIUH010000032.1_8	7332	7823	492	-1	0.614	11	None	GENOMAD.022765.PP	1.721e-75	249	0	1	0	1	NA	T_virB6	NA	K03201;COG3704	Type IV secretory pathway, VirB6 components
JAJIUH010000033.1_1	3	653	651	1	0.621	11	None	GENOMAD.083643.PP	4.218e-65	222	0	1	0	1	NA	T_virB5	NA	PF13605;TIGR02780;COG5314;K20266	P-type conjugative transfer protein TrbJ
JAJIUH010000033.1_2	671	946	276	1	0.652	11	GGAGG	GENOMAD.029569.PP	2.422e-45	158	0	0	0	1	NA	NA	NA	PF19499;TIGR04359;COG3895	entry exclusion lipoprotein TrbK
JAJIUH010000033.1_3	943	2592	1650	1	0.653	11	AGGAG	GENOMAD.108501.PC	2.418e-10	66	0	1	0	1	NA	NA	NA	PF08808;COG5654;TIGR02783	Uncharacterized conserved protein, contains RES domain
JAJIUH010000041.1_1	2	724	723	-1	0.645	11	GGAG/GAGG	NA	NA	NA	0	0	0	1	NA	NA	NA	NA	NA
JAJIUH010000041.1_2	868	1173	306	-1	0.605	11	AGGAG	NA	NA	NA	0	0	0	1	NA	NA	NA	NA	NA
JAJIUH010000041.1_3	1262	1582	321	-1	0.607	11	AGGAG	NA	NA	NA	0	0	0	1	NA	NA	NA	NA	NA
JAJIUH010000041.1_4	1631	2740	1110	-1	0.639	11	AGGAG	NA	NA	NA	0	0	0	1	NA	NA	NA	NA	NA
JAJIUH010000041.1_5	2804	3454	651	-1	0.645	11	GGAG/GAGG	GENOMAD.120574.PP	2.716e-113	361	0	0	0	1	NA	NA	NA	NA	NA
JAJIUH010000041.1_6	3582	3905	324	-1	0.577	11	GGAGG	GENOMAD.013765.PP	2.347e-61	205	0	0	0	1	NA	NA	NA	NA	NA
JAJIUH010000041.1_7	3997	4677	681	-1	0.637	11	AGGAG	GENOMAD.123925.PP	5.399e-102	329	0	0	0	1	NA	NA	NA	PF11679	NA
JAJIUH010000041.1_8	4739	5668	930	-1	0.630	11	GGAG/GAGG	GENOMAD.189928.PC	9.877e-49	179	0	0	0	1	NA	NA	NA	PF12101	NA
JAJIUH010000041.1_9	6806	7432	627	1	0.560	11	GGAG/GAGG	GENOMAD.137753.PC	2.555e-29	118	0	1	0	1	NA	NA	NA	PF08139;TIGR02747;COG3015	NA
JAJIUH010000041.1_10	7570	10566	2997	-1	0.603	11	GGA/GAG/AGG	GENOMAD.117295.PC	0.0006724	46	0	0	0	1	NA	NA	NA	NA	NA
JAJIUH010000041.1_11	10575	11849	1275	-1	0.664	11	GGAG/GAGG	NA	NA	NA	0	0	0	1	NA	NA	NA	NA	NA
JAJIUH010000041.1_12	12043	12378	336	1	0.661	11	GGAG/GAGG	NA	NA	NA	0	0	0	1	NA	NA	NA	NA	NA
JAJIUH010000042.1_1	52	1887	1836	1	0.632	11	GGA/GAG/AGG	NA	NA	NA	0	0	0	1	NA	NA	NA	NA	NA
JAJIUH010000042.1_2	2162	5155	2994	-1	0.607	11	GGA/GAG/AGG	NA	NA	NA	0	0	0	1	NA	NA	NA	NA	NA
JAJIUH010000042.1_3	5180	6451	1272	-1	0.671	11	GGAGG	NA	NA	NA	0	0	0	1	NA	NA	NA	NA	NA
JAJIUH010000042.1_4	6448	6861	414	-1	0.688	11	4Base/6BMM	GENOMAD.136042.PC	1.023e-08	55	0	0	0	1	NA	NA	NA	PF13171;K21744;TIGR02044;COG0789	Cu(I)-responsive transcriptional regulator
JAJIUH010000042.1_5	6952	8910	1959	1	0.638	11	None	GENOMAD.153451.CP	3.213e-41	166	0	0	0	1	NA	NA	NA	K07243;COG0672	High-affinity Fe2+/Pb2+ permease
JAJIUH010000042.1_6	8935	9552	618	1	0.647	11	GGAG/GAGG	NA	NA	NA	0	0	0	1	NA	NA	NA	NA	NA
JAJIUH010000042.1_7	9549	9905	357	1	0.672	11	None	NA	NA	NA	0	0	0	1	NA	NA	NA	NA	NA
JAJIUH010000042.1_8	9961	11238	1278	1	0.703	11	GGAG/GAGG	GENOMAD.145263.CP	7.994e-64	228	0	0	0	1	NA	NA	NA	PF02321;K15725;TIGR01845;COG1538	efflux transporter, outer membrane factor (OMF) lipoprotein, NodT family
JAJIUH010000042.1_9	11235	12185	951	1	0.676	11	GGAG/GAGG	NA	NA	NA	0	0	0	1	NA	NA	NA	NA	NA
JAJIUH010000042.1_10	12194	15385	3192	1	0.665	11	GGAG/GAGG	NA	NA	NA	0	0	0	1	NA	NA	NA	NA	NA
JAJIUH010000042.1_11	15382	15657	276	1	0.649	11	GGAG/GAGG	NA	NA	NA	0	0	0	1	NA	NA	NA	NA	NA
JAJIUH010000042.1_12	15673	16770	1098	-1	0.638	11	GGA/GAG/AGG	NA	NA	NA	0	0	0	1	NA	NA	NA	NA	NA
JAJIUH010000042.1_13	16748	18328	1581	-1	0.610	11	AGGA	NA	NA	NA	0	0	0	1	NA	NA	NA	NA	NA
JAJIUH010000042.1_14	18628	19626	999	1	0.615	11	AGGA	NA	NA	NA	0	0	0	1	NA	NA	NA	NA	NA
JAJIUH010000042.1_15	19647	20435	789	-1	0.621	11	None	NA	NA	NA	0	0	0	1	NA	NA	NA	NA	NA
JAJIUH010000043.1_1	1	3099	3099	-1	0.637	11	AGGA	NA	NA	NA	0	0	0	1	NA	NA	NA	NA	NA
JAJIUH010000043.1_2	3278	4468	1191	-1	0.680	11	GGA/GAG/AGG	NA	NA	NA	0	0	0	1	NA	NA	NA	NA	NA
JAJIUH010000043.1_3	4465	5238	774	-1	0.708	11	GGAG/GAGG	NA	NA	NA	0	0	0	1	NA	NA	NA	NA	NA
JAJIUH010000043.1_4	5235	5462	228	-1	0.627	11	AGGAG	NA	NA	NA	0	0	0	1	NA	NA	NA	NA	NA
JAJIUH010000043.1_5	5590	6624	1035	1	0.623	11	GGA/GAG/AGG	GENOMAD.190451.PC	2.472e-07	55	0	0	0	1	NA	NA	NA	K21698;TIGR02424;COG0583	pca operon transcription factor PcaQ
JAJIUH010000046.1_1	88	504	417	-1	0.681	11	AGGAG	NA	NA	NA	0	0	0	1	NA	NA	NA	NA	NA
JAJIUH010000046.1_2	501	1022	522	-1	0.626	11	GGA/GAG/AGG	GENOMAD.189956.PV	2.741e-08	55	0	0	0	1	NA	NA	NA	PF08445;COG5628;TIGR01575	Predicted acetyltransferase
JAJIUH010000046.1_3	1129	2049	921	-1	0.714	11	GGAG/GAGG	GENOMAD.101048.PP	4.952e-23	103	0	1	0	1	NA	NA	NA	PF11740	Plasmid replication region DNA-binding N-term
JAJIUH010000046.1_4	2130	3236	1107	1	0.706	11	AGxAG	NA	NA	NA	0	0	0	1	NA	NA	NA	NA	NA
JAJIUH010000046.1_5	3244	3945	702	-1	0.605	11	GGAG/GAGG	NA	NA	NA	0	0	0	1	NA	NA	NA	NA	NA
JAJIUH010000046.1_6	3948	4868	921	-1	0.645	11	GGAGG	NA	NA	NA	0	0	0	1	NA	NA	NA	NA	NA
JAJIUH010000046.1_7	5005	6537	1533	1	0.627	11	GGAG/GAGG	GENOMAD.221159.PV	2.032e-227	707	0	0	0	1	NA	NA	NA	PF00211;COG2114	Adenylate and Guanylate cyclase catalytic domain
JAJIUH010000046.1_8	6537	7412	876	1	0.616	11	None	GENOMAD.077378.PP	1.565e-26	113	0	0	0	1	NA	NA	NA	PF20272;PF20298	Cysteine-rich domain, C-terminal to E2 domain; Prokaryotic E2 domain
JAJIUH010000046.1_9	7357	7881	525	1	0.562	11	GGA/GAG/AGG	NA	NA	NA	0	0	0	1	NA	NA	NA	NA	NA
JAJIUH010000046.1_10	7947	9317	1371	-1	0.586	11	AGGA	GENOMAD.159746.PC	0.0001203	47	0	0	0	1	NA	NA	NA	PF06527	TniQ
JAJIUH010000046.1_11	9314	10327	1014	-1	0.594	11	GGAG/GAGG	GENOMAD.169926.PC	9.76e-26	112	0	1	0	1	NA	NA	NA	PF13191;TIGR02928;COG3267;K02450	orc1/cdc6 family replication initiation protein
JAJIUH010000046.1_12	10335	12272	1938	-1	0.578	11	GGAG/GAGG	NA	NA	NA	0	0	0	1	NA	NA	NA	NA	NA
JAJIUH010000046.1_13	12256	12918	663	-1	0.588	11	GGA/GAG/AGG	NA	NA	NA	0	0	0	1	NA	NA	NA	NA	NA
JAJIUH010000046.1_14	13436	13708	273	1	0.619	11	GGAGG	NA	NA	NA	0	0	0	1	NA	NA	NA	NA	NA
JAJIUH010000046.1_15	13726	14439	714	1	0.623	11	3Base/5BMM	NA	NA	NA	0	0	0	1	NA	NA	NA	NA	NA
JAJIUH010000054.1_1	273	1394	1122	1	0.569	11	AGGAG	GENOMAD.049926.PP	2.582e-11	68	0	0	0	1	NA	NA	NA	PF03421;K13478	YopJ Serine/Threonine acetyltransferase
JAJIUH010000054.1_2	1760	4777	3018	-1	0.625	11	GGA/GAG/AGG	NA	NA	NA	0	0	0	1	NA	NA	NA	NA	NA
JAJIUH010000054.1_3	5090	5185	96	-1	0.573	11	GGA/GAG/AGG	NA	NA	NA	0	0	0	1	NA	NA	NA	NA	NA
JAJIUH010000054.1_4	5199	5585	387	-1	0.636	11	AGGA	NA	NA	NA	0	0	0	1	NA	NA	NA	NA	NA
JAJIUH010000054.1_5	5725	6369	645	-1	0.631	11	AGGAG	NA	NA	NA	0	0	0	1	NA	NA	NA	NA	NA
JAJIUH010000054.1_6	6366	9455	3090	-1	0.613	11	None	NA	NA	NA	0	0	0	1	NA	NA	NA	NA	NA
JAJIUH010000054.1_7	9452	9985	534	-1	0.654	11	GGA/GAG/AGG	GENOMAD.207688.CP	0.0006302	42	0	0	0	1	NA	NA	NA	K01994	NA
JAJIUH010000054.1_8	10127	11335	1209	-1	0.620	11	GGA/GAG/AGG	NA	NA	NA	0	0	0	1	NA	NA	NA	NA	NA
JAJIUH010000054.1_9	11946	13526	1581	1	0.660	11	GGA/GAG/AGG	NA	NA	NA	0	0	0	1	NA	NA	NA	NA	NA
JAJIUH010000054.1_10	13574	14401	828	1	0.664	11	AGGAG	NA	NA	NA	0	0	0	1	NA	NA	NA	NA	NA
JAJIUH010000054.1_11	14803	15582	780	1	0.650	11	GGA/GAG/AGG	NA	NA	NA	0	0	0	1	NA	NA	NA	NA	NA
JAJIUH010000054.1_12	15579	16571	993	1	0.661	11	GGA/GAG/AGG	NA	NA	NA	0	0	0	1	NA	NA	NA	NA	NA
JAJIUH010000054.1_13	16568	19024	2457	1	0.664	11	None	GENOMAD.190312.PC	1.985e-20	100	0	0	0	1	NA	NA	NA	PF19443	DAHL domain
JAJIUH010000054.1_14	19138	20109	972	1	0.670	11	GGA/GAG/AGG	NA	NA	NA	0	0	0	1	NA	NA	NA	NA	NA
JAJIUH010000054.1_15	20118	21146	1029	1	0.691	11	GGA/GAG/AGG	GENOMAD.171322.PC	4.944e-33	134	0	0	0	1	NA	NA	NA	PF06812;K11902;TIGR03363;COG3515	type VI secretion-associated protein, ImpA family
JAJIUH010000054.1_16	21315	21641	327	-1	0.688	11	GGA/GAG/AGG	NA	NA	NA	0	0	0	1	NA	NA	NA	NA	NA
JAJIUH010000054.1_17	21638	24541	2904	-1	0.695	11	GGA/GAG/AGG	GENOMAD.215794.CP	1.209e-06	55	0	0	0	1	NA	NA	NA	PF07714;K08884;COG0478;TIGR03903	RIO-like serine/threonine protein kinase fused to N-terminal HTH domain
JAJIUH010000054.1_18	24538	25260	723	-1	0.698	11	GGAG/GAGG	NA	NA	NA	0	0	0	1	NA	NA	NA	NA	NA
JAJIUH010000054.1_19	25257	25910	654	-1	0.674	11	None	GENOMAD.192401.PC	2.534e-21	95	0	0	0	1	NA	NA	NA	PF09867;COG3913;K11890;TIGR03373	TagF N-terminal domain, Type VI secretion system-associated
JAJIUH010000054.1_20	25907	29365	3459	-1	0.699	11	GGA/GAG/AGG	GENOMAD.161502.PC	3.337e-110	389	0	0	0	1	NA	NA	NA	PF14331;PF06761;PF06744;PF19993;TIGR03348;K11891;COG3523	type VI secretion protein IcmF
JAJIUH010000054.1_21	29369	30685	1317	-1	0.712	11	GGAG/GAGG	GENOMAD.167543.PC	1.674e-31	132	0	0	0	1	NA	NA	NA	PF09850;TIGR03349;COG3455	type IV / VI secretion system protein, DotU family
JAJIUH010000054.1_22	30687	32024	1338	-1	0.674	11	None	GENOMAD.166652.PC	2.372e-39	156	0	0	0	1	NA	NA	NA	PF05936;TIGR03353;COG3522;K11893	type VI secretion protein, VC_A0114 family
JAJIUH010000054.1_23	32021	33406	1386	-1	0.696	11	GGA/GAG/AGG	GENOMAD.170233.CP	7.287e-41	161	0	0	0	1	NA	NA	NA	PF20232;PF00498;K07169;TIGR03354;COG3456	type VI secretion system FHA domain protein
JAJIUH010000054.1_24	33403	33942	540	-1	0.715	11	GGAG/GAGG	GENOMAD.218216.PC	3.149e-42	154	0	0	0	1	NA	NA	NA	PF22011	NA
JAJIUH010000054.1_25	33951	35888	1938	-1	0.658	11	GGAG/GAGG	GENOMAD.209487.PC	2.378e-05	50	0	0	0	1	NA	NA	NA	NA	NA
JAJIUH010000054.1_26	36065	36634	570	-1	0.619	11	AGxAGG/AGGxGG	NA	NA	NA	0	0	0	1	NA	NA	NA	NA	NA
JAJIUH010000054.1_27	37095	37292	198	-1	0.626	11	4Base/6BMM	NA	NA	NA	0	0	0	1	NA	NA	NA	NA	NA
JAJIUH010000054.1_28	37624	38166	543	-1	0.521	11	AGGAG	NA	NA	NA	0	0	0	1	NA	NA	NA	NA	NA
JAJIUH010000054.1_29	38374	38922	549	-1	0.597	11	GGA/GAG/AGG	NA	NA	NA	0	0	0	1	NA	NA	NA	NA	NA
JAJIUH010000057.1_1	1	498	498	1	0.576	11	None	GENOMAD.022765.PP	4.199e-75	248	0	1	0	1	NA	T_virB6	NA	K03201;COG3704	Type IV secretory pathway, VirB6 components
JAJIUH010000057.1_2	714	1052	339	1	0.472	11	TATA	GENOMAD.086806.PP	1.489e-12	65	0	0	0	1	NA	NA	NA	PF13827	NA
JAJIUH010000057.1_3	1382	1615	234	1	0.543	11	ATA	NA	NA	NA	0	0	0	1	NA	NA	NA	NA	NA
JAJIUH010000059.1_1	1	621	621	1	0.575	11	None	NA	NA	NA	0	0	0	1	NA	NA	NA	NA	NA
JAJIUH010000059.1_2	653	1171	519	1	0.541	11	GGA/GAG/AGG	GENOMAD.189956.PV	5.929e-06	48	0	0	0	1	NA	NA	NA	PF08445;COG5628;TIGR01575	Predicted acetyltransferase
JAJIUH010000059.1_3	1281	1790	510	-1	0.561	11	None	NA	NA	NA	0	0	0	1	NA	NA	NA	NA	NA
JAJIUH010000059.1_4	1905	2255	351	-1	0.561	11	GGAG/GAGG	NA	NA	NA	0	0	0	1	NA	NA	NA	NA	NA
JAJIUH010000059.1_5	2412	2852	441	-1	0.549	11	GGAG/GAGG	GENOMAD.085683.PP	4.025e-15	74	0	0	0	1	NA	NA	NA	PF07419	PilM
JAJIUH010000059.1_6	2866	4353	1488	-1	0.554	11	GGAGG	GENOMAD.091850.PC	1.45e-28	124	0	0	0	1	NA	NA	NA	COG4537	Competence protein ComGC
JAJIUH010000059.1_7	4350	5330	981	-1	0.544	11	GGA/GAG/AGG	NA	NA	NA	0	0	0	1	NA	NA	NA	NA	NA
JAJIUH010000059.1_8	5347	5880	534	-1	0.552	11	GGAG/GAGG	GENOMAD.051002.PP	3.011e-08	55	0	0	0	1	NA	NA	NA	PF08805	PilS N terminal
JAJIUH010000059.1_9	5928	7025	1098	-1	0.523	11	GGAG/GAGG	GENOMAD.137476.CP	3.238e-43	165	0	0	0	1	NA	NA	NA	PF00482;TIGR02120;COG1459;K10934	type II secretion system protein F
JAJIUH010000059.1_10	7027	8637	1611	-1	0.555	11	GGA/GAG/AGG	NA	NA	NA	0	0	0	1	NA	NA	NA	NA	NA
JAJIUH010000059.1_11	8639	9133	495	-1	0.560	11	GGAG/GAGG	NA	NA	NA	0	0	0	1	NA	NA	NA	NA	NA
JAJIUH010000059.1_12	9123	10469	1347	-1	0.583	11	GGA/GAG/AGG	GENOMAD.054621.PP	4.793e-73	256	0	0	0	1	NA	NA	NA	PF06864	Pilin accessory protein (PilO)
JAJIUH010000059.1_13	10509	12239	1731	-1	0.576	11	AGGA	GENOMAD.148144.PC	1.119e-89	310	0	0	0	1	NA	NA	NA	PF00263;TIGR02520;K12282;COG1450	type IVB pilus formation outer membrane protein, R64 PilN family
JAJIUH010000059.1_14	12236	13075	840	-1	0.574	11	GGA/GAG/AGG	GENOMAD.084578.PP	2.584e-162	506	0	0	0	1	NA	NA	NA	PF10671	Toxin co-regulated pilus biosynthesis protein Q
JAJIUH010000059.1_15	13072	13575	504	-1	0.619	11	GGA/GAG/AGG	NA	NA	NA	0	0	0	1	NA	NA	NA	NA	NA
JAJIUH010000059.1_16	13572	14579	1008	-1	0.624	11	None	NA	NA	NA	0	0	0	1	NA	NA	NA	NA	NA
JAJIUH010000059.1_17	14572	15003	432	-1	0.572	11	GGA/GAG/AGG	NA	NA	NA	0	0	0	1	NA	NA	NA	NA	NA
JAJIUH010000059.1_18	15052	15330	279	-1	0.606	11	GGAGG	GENOMAD.130224.PC	9.703e-32	119	0	1	0	1	NA	I_traK	NA	K12222	NA
JAJIUH010000059.1_19	15330	16526	1197	-1	0.619	11	None	NA	NA	NA	0	0	0	1	NA	NA	NA	NA	NA
JAJIUH010000059.1_20	16523	17302	780	-1	0.603	11	GGA/GAG/AGG	GENOMAD.121283.PC	1.287e-81	272	0	1	0	1	NA	I_traI	NA	PF16932;K12204	Type IV secretory system, conjugal DNA-protein transfer
JAJIUH010000059.1_21	17289	17783	495	-1	0.657	11	GGA/GAG/AGG	GENOMAD.189321.PC	8.795e-12	65	0	0	0	1	NA	NA	NA	PF16816;K12205;COG3017	DotD protein
JAJIUH010000059.1_22	18026	19480	1455	1	0.616	11	GGA/GAG/AGG	NA	NA	NA	0	0	0	1	NA	NA	NA	NA	NA
JAJIUH010000059.1_23	19724	19942	219	1	0.680	11	AGGAG	NA	NA	NA	0	0	0	1	NA	NA	NA	NA	NA
JAJIUH010000059.1_24	20018	20827	810	1	0.649	11	None	NA	NA	NA	0	0	0	1	NA	NA	NA	NA	NA
JAJIUH010000059.1_25	20852	21379	528	1	0.657	11	GGAG/GAGG	NA	NA	NA	0	0	0	1	NA	NA	NA	NA	NA
JAJIUH010000059.1_26	21627	22625	999	-1	0.603	11	AGGAGG	GENOMAD.138275.PV	1.979e-06	52	0	1	0	1	NA	NA	NA	PF07506;PF02195;TIGR03454;COG1475;K03497	plasmid partitioning protein RepB
JAJIUH010000059.1_27	22622	23914	1293	-1	0.601	11	GGAG/GAGG	NA	NA	NA	0	0	0	1	NA	NA	NA	NA	NA
JAJIUH010000059.1_28	23981	24574	594	1	0.559	11	None	NA	NA	NA	0	0	0	1	NA	NA	NA	NA	NA
JAJIUH010000059.1_29	24571	25881	1311	1	0.572	11	GGAG/GAGG	NA	NA	NA	0	0	0	1	NA	NA	NA	NA	NA
JAJIUH010000059.1_30	26034	26186	153	1	0.634	11	GGAG/GAGG	NA	NA	NA	0	0	0	1	NA	NA	NA	NA	NA
JAJIUH010000059.1_31	26198	26719	522	1	0.602	11	GGA/GAG/AGG	NA	NA	NA	0	0	0	1	NA	NA	NA	NA	NA
JAJIUH010000059.1_32	27204	27908	705	1	0.599	11	None	GENOMAD.141805.PC	4.466e-10	62	0	1	0	1	NA	I_traM	NA	PF11393;K12214;TIGR03781;COG3701	Type-IV b secretion system, inner-membrane complex component
JAJIUH010000059.1_33	27905	28846	942	1	0.632	11	GGAG/GAGG	GENOMAD.121028.PC	4.92e-82	276	0	1	0	1	NA	I_traN	NA	K12213	NA
JAJIUH010000059.1_34	28846	30090	1245	1	0.613	11	GGAG/GAGG	NA	NA	NA	0	0	0	1	NA	NA	NA	NA	NA
JAJIUH010000059.1_35	30100	31041	942	1	0.642	11	GGA/GAG/AGG	NA	NA	NA	0	0	0	1	NA	NA	NA	NA	NA
JAJIUH010000059.1_36	31051	31581	531	1	0.559	11	GGA/GAG/AGG	NA	NA	NA	0	0	0	1	NA	NA	NA	NA	NA
JAJIUH010000059.1_37	31620	32021	402	1	0.595	11	AGGAG	NA	NA	NA	0	0	0	1	NA	NA	NA	NA	NA
JAJIUH010000059.1_38	32033	32785	753	1	0.618	11	None	NA	NA	NA	0	0	0	1	NA	NA	NA	NA	NA
JAJIUH010000059.1_39	32775	34019	1245	1	0.599	11	GGAG/GAGG	GENOMAD.043253.PP	1.205e-185	581	0	0	0	1	NA	NA	NA	NA	NA
JAJIUH010000059.1_40	34009	34272	264	1	0.595	11	AGGAG	NA	NA	NA	0	0	0	1	NA	NA	NA	NA	NA
JAJIUH010000059.1_41	34281	37328	3048	1	0.595	11	AGGAG	GENOMAD.118537.PC	1.192e-112	393	0	1	0	1	NA	traU	NA	PF19044;PF03135;K12206;TIGR03783;COG3451	Bacteroides conjugation system ATPase, TraG family
JAJIUH010000059.1_42	37276	37701	426	1	0.634	11	GGA/GAG/AGG	NA	NA	NA	0	0	0	1	NA	NA	NA	NA	NA
JAJIUH010000059.1_43	37740	38264	525	1	0.615	11	None	NA	NA	NA	0	0	0	1	NA	NA	NA	NA	NA
JAJIUH010000059.1_44	38261	38920	660	1	0.602	11	GGA/GAG/AGG	NA	NA	NA	0	0	0	1	NA	NA	NA	NA	NA
JAJIUH010000059.1_45	38980	39783	804	1	0.622	11	AGGAG	NA	NA	NA	0	0	0	1	NA	NA	NA	NA	NA
JAJIUH010000059.1_46	39783	40109	327	1	0.648	11	GGA/GAG/AGG	NA	NA	NA	0	0	0	1	NA	NA	NA	NA	NA
JAJIUH010000059.1_47	40310	41566	1257	1	0.636	11	GGAG/GAGG	NA	NA	NA	0	0	0	1	NA	NA	NA	NA	NA
JAJIUH010000059.1_48	41645	46891	5247	1	0.610	11	GGA/GAG/AGG	NA	NA	NA	0	0	0	1	NA	NA	NA	NA	NA
JAJIUH010000059.1_49	46900	47238	339	1	0.637	11	AGGAG	NA	NA	NA	0	0	0	1	NA	NA	NA	NA	NA
JAJIUH010000059.1_50	47257	47655	399	-1	0.612	11	GGAG/GAGG	NA	NA	NA	0	0	0	1	NA	NA	NA	NA	NA
JAJIUH010000059.1_51	47762	49948	2187	1	0.607	11	GGAG/GAGG	NA	NA	NA	0	0	0	1	NA	NA	NA	NA	NA
JAJIUH010000059.1_52	49887	50177	291	1	0.608	11	GGAG/GAGG	NA	NA	NA	0	0	0	1	NA	NA	NA	NA	NA
JAJIUH010000059.1_53	50174	50914	741	1	0.592	11	GGA/GAG/AGG	NA	NA	NA	0	0	0	1	NA	NA	NA	NA	NA
JAJIUH010000059.1_54	51185	51481	297	1	0.596	11	AGGA	NA	NA	NA	0	0	0	1	NA	NA	NA	NA	NA
JAJIUH010000059.1_55	51896	52237	342	1	0.629	11	AGGA	NA	NA	NA	0	0	0	1	NA	NA	NA	NA	NA
JAJIUH010000059.1_56	52245	53042	798	1	0.640	11	GGAG/GAGG	NA	NA	NA	0	0	0	1	NA	NA	NA	NA	NA
JAJIUH010000059.1_57	53054	53443	390	1	0.638	11	GGA/GAG/AGG	NA	NA	NA	0	0	0	1	NA	NA	NA	NA	NA
JAJIUH010000059.1_58	53437	54942	1506	1	0.615	11	GGAG/GAGG	NA	NA	NA	0	0	0	1	NA	NA	NA	NA	NA
JAJIUH010000059.1_59	54965	55558	594	1	0.584	11	AGGAG	NA	NA	NA	0	0	0	1	NA	NA	NA	NA	NA
JAJIUH010000059.1_60	55555	56562	1008	1	0.609	11	GGAG/GAGG	NA	NA	NA	0	0	0	1	NA	NA	NA	NA	NA
JAJIUH010000059.1_61	56559	57179	621	1	0.659	11	GGA/GAG/AGG	NA	NA	NA	0	0	0	1	NA	NA	NA	NA	NA
JAJIUH010000059.1_62	57182	59209	2028	1	0.628	11	None	GENOMAD.020821.VV	5.32e-16	85	0	0	1	1246	Caudoviricetes	NA	NA	PF05876;PF16203;K14440;COG5410;TIGR04095	ERCC4-related helicase
JAJIUH010000059.1_63	59212	59607	396	1	0.601	11	GGA/GAG/AGG	NA	NA	NA	0	0	0	1	NA	NA	NA	NA	NA
JAJIUH010000059.1_64	59629	60513	885	-1	0.615	11	None	GENOMAD.169159.PC	9.872e-102	332	0	0	0	1	NA	NA	NA	PF12281;COG5397	Nucleotidyltransferase
JAJIUH010000061.1_1	136	531	396	1	0.530	11	GGA/GAG/AGG	GENOMAD.116980.PP	4.051e-59	200	0	0	0	1	NA	NA	NA	COG2916;K11685	DNA-binding protein H-NS
JAJIUH010000061.1_2	985	2016	1032	-1	0.532	11	AGGA	GENOMAD.114461.PP	1.737e-90	302	0	0	0	1	NA	NA	NA	NA	NA
JAJIUH010000061.1_3	2631	3923	1293	-1	0.532	11	GGA/GAG/AGG	GENOMAD.190917.PC	2.671e-05	49	0	0	0	1	NA	NA	NA	PF13583	Metallo-peptidase family M12B Reprolysin-like
JAJIUH010000061.1_4	5248	5727	480	1	0.617	11	GGAG/GAGG	NA	NA	NA	0	0	0	1	NA	NA	NA	NA	NA
JAJIUH010000061.1_5	5777	6214	438	-1	0.550	11	GGAGG	NA	NA	NA	0	0	0	1	NA	NA	NA	NA	NA
JAJIUH010000061.1_6	6214	7044	831	-1	0.574	11	AGGA	NA	NA	NA	0	0	0	1	NA	NA	NA	NA	NA
JAJIUH010000061.1_7	7077	7970	894	-1	0.614	11	GGAG/GAGG	GENOMAD.177500.PC	2.123e-54	195	0	0	0	1	NA	NA	NA	PF09836;COG3219;K09929	Putative DNA-binding domain
JAJIUH010000061.1_8	7963	8892	930	-1	0.598	11	None	GENOMAD.147741.CP	1.7e-38	149	0	0	0	1	NA	NA	NA	PF10048;K09930;COG3220	Predicted integral membrane protein (DUF2282)
JAJIUH010000061.1_9	8947	11010	2064	-1	0.594	11	GGAG/GAGG	NA	NA	NA	0	0	0	1	NA	NA	NA	NA	NA
JAJIUH010000061.1_10	11633	12157	525	1	0.568	11	GGA/GAG/AGG	NA	NA	NA	0	0	0	1	NA	NA	NA	NA	NA
JAJIUH010000006.1_1	379	699	321	-1	0.620	11	GGAG/GAGG	NA	NA	NA	0	0	0	1	NA	NA	NA	NA	NA
JAJIUH010000006.1_2	699	914	216	-1	0.630	11	GGAG/GAGG	GENOMAD.128941.PC	6.345e-12	61	0	0	0	1	NA	NA	NA	PF11455	Antitoxin MazE-like
JAJIUH010000006.1_3	1160	1486	327	-1	0.657	11	AGGAG	GENOMAD.039412.PP	6.063e-60	201	0	0	0	1	NA	NA	NA	NA	NA
JAJIUH010000006.1_4	1483	2109	627	-1	0.638	11	AGGAG	GENOMAD.212506.VP	2.628e-39	147	0	0	0	1246	Caudoviricetes	NA	NA	NA	NA
JAJIUH010000006.1_5	2585	3271	687	1	0.689	11	GGAG/GAGG	GENOMAD.117306.PV	1.091e-68	233	0	1	0	1	NA	NA	NA	PF11740	Plasmid replication region DNA-binding N-term
JAJIUH010000006.1_6	3430	4392	963	1	0.605	11	None	NA	NA	NA	0	0	0	1	NA	NA	NA	NA	NA
JAJIUH010000006.1_7	4479	4709	231	1	0.563	11	AGGAG/GGAGG	NA	NA	NA	0	0	0	1	NA	NA	NA	NA	NA
JAJIUH010000006.1_8	4797	6023	1227	1	0.628	11	GGAG/GAGG	NA	NA	NA	0	0	0	1	NA	NA	NA	NA	NA
JAJIUH010000006.1_9	6430	6822	393	-1	0.654	11	AGGAG	NA	NA	NA	0	0	0	1	NA	NA	NA	NA	NA
JAJIUH010000006.1_10	6832	7539	708	-1	0.556	11	AGGAG	GENOMAD.123110.PV	9.921e-55	193	0	0	0	1	NA	NA	NA	PF07755;COG0132;TIGR03371	Dethiobiotin synthetase
JAJIUH010000006.1_11	7536	7991	456	-1	0.570	11	GGA/GAG/AGG	NA	NA	NA	0	0	0	1	NA	NA	NA	NA	NA
JAJIUH010000006.1_12	8380	8775	396	1	0.629	11	GGA/GAG/AGG	NA	NA	NA	0	0	0	1	NA	NA	NA	NA	NA
JAJIUH010000006.1_13	8849	9142	294	1	0.650	11	AGGAG	GENOMAD.067965.PP	2.227e-10	58	0	0	0	1	NA	NA	NA	PF04221;COG3077;TIGR02384;K07473	Antitoxin component of the RelBE or YafQ-DinJ toxin-antitoxin module
JAJIUH010000006.1_14	9139	9432	294	1	0.612	11	GGAG/GAGG	NA	NA	NA	0	0	0	1	NA	NA	NA	NA	NA
JAJIUH010000006.1_15	9545	10165	621	1	0.597	11	AGGA	NA	NA	NA	0	0	0	1	NA	NA	NA	NA	NA
JAJIUH010000006.1_16	10169	10705	537	1	0.613	11	AGGAG	GENOMAD.074042.PP	6.692e-06	48	0	0	0	1	NA	NA	NA	NA	NA
JAJIUH010000006.1_17	10777	10974	198	1	0.672	11	4Base/6BMM	NA	NA	NA	0	0	0	1	NA	NA	NA	NA	NA
JAJIUH010000006.1_18	10978	12552	1575	1	0.616	11	GGAGG	GENOMAD.228061.PC	3.6e-05	49	0	1	0	1	NA	t4cp2	NA	PF10412;COG3505;TIGR02759	Type IV secretory pathway, VirD4 component, TraG/TraD family ATPase
JAJIUH010000006.1_19	12566	15541	2976	1	0.657	11	GGxGG	NA	NA	NA	0	0	0	1	NA	NA	NA	NA	NA
JAJIUH010000006.1_20	15611	15934	324	-1	0.586	11	GGA/GAG/AGG	NA	NA	NA	0	0	0	1	NA	NA	NA	NA	NA
JAJIUH010000006.1_21	15934	16152	219	-1	0.607	11	GGAG/GAGG	GENOMAD.128941.PC	2.26e-29	111	0	0	0	1	NA	NA	NA	PF11455	Antitoxin MazE-like
JAJIUH010000006.1_22	16289	16675	387	-1	0.610	11	AGxAGG/AGGxGG	GENOMAD.113538.PP	2.373e-63	212	0	0	0	1	NA	NA	NA	NA	NA
JAJIUH010000006.1_23	16759	17172	414	-1	0.580	11	GGAG/GAGG	NA	NA	NA	0	0	0	1	NA	NA	NA	NA	NA
JAJIUH010000006.1_24	17183	17788	606	-1	0.619	11	GGA/GAG/AGG	NA	NA	NA	0	0	0	1	NA	NA	NA	NA	NA
JAJIUH010000006.1_25	17801	18388	588	-1	0.633	11	AGGAG	GENOMAD.021429.PP	1.876e-37	141	0	0	0	1	NA	NA	NA	NA	NA
JAJIUH010000006.1_26	18434	19345	912	-1	0.671	11	GGAG/GAGG	GENOMAD.113489.PC	0.0002521	45	0	1	0	1	NA	T_virB1	NA	PF06871;K03194;COG4764	TraH_2
JAJIUH010000006.1_27	19332	20354	1023	-1	0.586	11	GGAG/GAGG	NA	NA	NA	0	0	0	1	NA	NA	NA	NA	NA
JAJIUH010000006.1_28	20365	21585	1221	-1	0.645	11	GGxGG	GENOMAD.106848.PC	5.105e-227	700	0	1	0	1	NA	T_virB10	NA	PF03743	Bacterial conjugation TrbI-like protein
JAJIUH010000006.1_29	21587	22369	783	-1	0.589	11	AGGA	GENOMAD.112644.PC	1.275e-117	376	0	1	0	1	NA	T_virB9	NA	PF03524;K03204;TIGR02781;COG3504	P-type conjugative transfer protein VirB9
JAJIUH010000006.1_30	22394	23068	675	-1	0.603	11	AGGAG	NA	NA	NA	0	0	0	1	NA	NA	NA	NA	NA
JAJIUH010000006.1_31	23065	23931	867	-1	0.531	11	GGA/GAG/AGG	GENOMAD.117368.PC	5.855e-149	468	0	1	0	1	NA	T_virB6	NA	PF04610;COG3704;TIGR02783;K03201	Type IV secretory pathway, VirB6 components
JAJIUH010000006.1_32	23919	24326	408	-1	0.564	11	GGAG/GAGG	NA	NA	NA	0	0	0	1	NA	NA	NA	NA	NA
JAJIUH010000006.1_33	24319	24534	216	-1	0.519	11	AGGA	NA	NA	NA	0	0	0	1	NA	NA	NA	NA	NA
JAJIUH010000006.1_34	24585	25244	660	-1	0.594	11	AGGAG	GENOMAD.105322.PC	5.235e-116	369	0	1	0	1	NA	T_virB5	NA	PF07996;K03200;TIGR02791;COG5314	P-type DNA transfer protein VirB5
JAJIUH010000006.1_35	25247	27916	2670	-1	0.596	11	GGA/GAG/AGG	GENOMAD.108687.PC	2.172e-38	159	0	1	0	1	NA	virb4	NA	PF19044;PF03135;PF05101;K03199;TIGR00929;COG3451	type IV secretion/conjugal transfer ATPase, VirB4 family
JAJIUH010000006.1_36	27903	28202	300	-1	0.553	11	None	NA	NA	NA	0	0	0	1	NA	NA	NA	NA	NA
JAJIUH010000006.1_37	28199	28576	378	-1	0.585	11	GGAG/GAGG	GENOMAD.044601.PP	3.09e-67	223	0	1	0	1	NA	NA	NA	PF04956;K03197;COG3838	TrbC/VIRB2 pilin
JAJIUH010000006.1_38	28605	28862	258	-1	0.543	11	GGAG/GAGG	NA	NA	NA	0	0	0	1	NA	NA	NA	NA	NA
JAJIUH010000006.1_39	29390	29719	330	1	0.561	11	None	NA	NA	NA	0	0	0	1	NA	NA	NA	NA	NA
JAJIUH010000006.1_40	30290	31033	744	1	0.692	11	GGA/GAG/AGG	GENOMAD.023008.PP	5.984e-137	431	0	1	0	1	NA	NA	NA	PF02387	NA
JAJIUH010000080.1_1	2	1159	1158	-1	0.629	11	AGxAGG/AGGxGG	NA	NA	NA	0	0	0	1	NA	NA	NA	NA	NA
JAJIUH010000080.1_2	1609	2055	447	-1	0.573	11	GGA/GAG/AGG	NA	NA	NA	0	0	0	1	NA	NA	NA	NA	NA
JAJIUH010000080.1_3	2107	2517	411	-1	0.611	11	GGAG/GAGG	GENOMAD.067947.PP	1.183e-74	245	0	0	0	1	NA	NA	NA	NA	NA
JAJIUH010000080.1_4	3366	3812	447	1	0.615	11	AGxAGG/AGGxGG	GENOMAD.228033.PP	1.082e-56	194	0	0	0	1	NA	NA	NA	PF18367	Rv2175c C-terminal domain of unknown function
JAJIUH010000080.1_5	3850	4896	1047	-1	0.606	11	GGA/GAG/AGG	NA	NA	NA	0	0	0	1	NA	NA	NA	NA	NA
JAJIUH010000080.1_6	4960	5307	348	-1	0.632	11	None	NA	NA	NA	0	0	0	1	NA	NA	NA	NA	NA
JAJIUH010000080.1_7	5339	6562	1224	-1	0.638	11	GGA/GAG/AGG	NA	NA	NA	0	0	0	1	NA	NA	NA	NA	NA
JAJIUH010000080.1_8	6593	7012	420	-1	0.614	11	AGGAG	NA	NA	NA	0	0	0	1	NA	NA	NA	NA	NA
JAJIUH010000080.1_9	7009	7749	741	-1	0.640	11	AGGA	NA	NA	NA	0	0	0	1	NA	NA	NA	NA	NA
JAJIUH010000080.1_10	7791	8105	315	1	0.648	11	None	NA	NA	NA	0	0	0	1	NA	NA	NA	NA	NA
JAJIUH010000080.1_11	8133	8624	492	1	0.632	11	GGA/GAG/AGG	NA	NA	NA	0	0	0	1	NA	NA	NA	NA	NA
JAJIUH010000080.1_12	8645	9703	1059	1	0.608	11	GGA/GAG/AGG	NA	NA	NA	0	0	0	1	NA	NA	NA	NA	NA
JAJIUH010000080.1_13	9707	10693	987	1	0.659	11	GGAG/GAGG	NA	NA	NA	0	0	0	1	NA	NA	NA	NA	NA
JAJIUH010000080.1_14	10718	11791	1074	1	0.662	11	GGAG/GAGG	NA	NA	NA	0	0	0	1	NA	NA	NA	NA	NA
JAJIUH010000080.1_15	11979	12413	435	1	0.632	11	GGAG/GAGG	NA	NA	NA	0	0	0	1	NA	NA	NA	NA	NA
JAJIUH010000080.1_16	12490	13542	1053	1	0.602	11	GGAG/GAGG	NA	NA	NA	0	0	0	1	NA	NA	NA	NA	NA
JAJIUH010000080.1_17	13593	14537	945	1	0.586	11	GGAG/GAGG	NA	NA	NA	0	0	0	1	NA	NA	NA	NA	NA
JAJIUH010000080.1_18	14537	15466	930	1	0.608	11	GGAGG	NA	NA	NA	0	0	0	1	NA	NA	NA	NA	NA
JAJIUH010000080.1_19	15481	16308	828	1	0.571	11	GGAG/GAGG	NA	NA	NA	0	0	0	1	NA	NA	NA	NA	NA
JAJIUH010000080.1_20	16321	17046	726	1	0.563	11	AGGAG	NA	NA	NA	0	0	0	1	NA	NA	NA	NA	NA
JAJIUH010000080.1_21	17155	17751	597	1	0.611	11	None	NA	NA	NA	0	0	0	1	NA	NA	NA	NA	NA
JAJIUH010000080.1_22	17965	18591	627	-1	0.608	11	AGGAG	GENOMAD.225004.PV	2.712e-126	398	0	0	0	1246	Caudoviricetes	NA	NA	NA	NA
JAJIUH010000080.1_23	18637	19659	1023	-1	0.654	11	None	NA	NA	NA	0	0	0	1	NA	NA	NA	NA	NA
JAJIUH010000080.1_24	19853	20005	153	-1	0.614	11	GGAG/GAGG	NA	NA	NA	0	0	0	1	NA	NA	NA	NA	NA
JAJIUH010000080.1_25	21038	21367	330	1	0.548	11	GGA/GAG/AGG	NA	NA	NA	0	0	0	1	NA	NA	NA	NA	NA
JAJIUH010000080.1_26	21510	21866	357	1	0.599	11	GGAG/GAGG	GENOMAD.228033.PP	1.184e-33	126	0	0	0	1	NA	NA	NA	PF18367	Rv2175c C-terminal domain of unknown function
JAJIUH010000080.1_27	22037	22978	942	-1	0.611	11	None	NA	NA	NA	0	0	0	1	NA	NA	NA	NA	NA
JAJIUH010000080.1_28	22981	23253	273	-1	0.630	11	None	GENOMAD.223508.VP	4.623e-08	51	0	0	0	1246	Caudoviricetes	NA	NA	NA	NA
JAJIUH010000080.1_29	23569	23829	261	1	0.640	11	GGAGG	GENOMAD.133858.PC	7.836e-09	53	0	0	0	1	NA	NA	NA	COG2608	Copper chaperone CopZ
JAJIUH010000080.1_30	23967	24362	396	1	0.641	11	GGAG/GAGG	GENOMAD.095260.PP	6.618e-54	185	0	0	0	1	NA	NA	NA	NA	NA
JAJIUH010000080.1_31	24436	25740	1305	1	0.670	11	GGAGG	GENOMAD.153908.PC	7.876e-34	139	0	0	0	1	NA	NA	NA	PF02321;K15725;TIGR01844;COG1538	type I secretion outer membrane protein, TolC family
JAJIUH010000080.1_32	25737	27251	1515	1	0.658	11	AGGAG	GENOMAD.123340.CP	6.387e-70	249	0	0	0	1	NA	NA	NA	PF16576;PF11604;K07798;TIGR01730;COG0845	Barrel-sandwich domain of CusB or HlyD membrane-fusion; Copper binding periplasmic protein CusF
JAJIUH010000080.1_33	27248	30388	3141	1	0.621	11	GGAGG	NA	NA	NA	0	0	0	1	NA	NA	NA	NA	NA
JAJIUH010000080.1_34	30493	31323	831	-1	0.613	11	AGGAG	GENOMAD.196148.CP	9.874e-29	119	0	0	0	1	NA	NA	NA	COG5266;K10094	Uncharacterized conserved protein, contains GH25 family domain
JAJIUH010000080.1_35	31350	31790	441	-1	0.605	11	None	NA	NA	NA	0	0	0	1	NA	NA	NA	NA	NA
JAJIUH010000080.1_36	31944	32495	552	-1	0.562	11	GGAG/GAGG	NA	NA	NA	0	0	0	1	NA	NA	NA	NA	NA
JAJIUH010000080.1_37	32570	32845	276	-1	0.620	11	AGGAG	GENOMAD.177995.CP	0.00033	40	0	0	0	1	NA	NA	NA	PF08976;PF13405;COG5126;K13974	Ca2+-binding protein, EF-hand superfamily
JAJIUH010000080.1_38	32874	35195	2322	-1	0.643	11	GGA/GAG/AGG	GENOMAD.133674.PC	1.832e-06	54	0	0	0	1	NA	NA	NA	PF19335;TIGR00622;COG3350	NA
JAJIUH010000080.1_39	35257	36186	930	-1	0.638	11	AGGAG	GENOMAD.116972.PC	1.852e-62	219	0	0	0	1	NA	NA	NA	PF09980;K07245;COG1276	Putative copper export protein
JAJIUH010000080.1_40	36197	36580	384	-1	0.622	11	GGAG/GAGG	GENOMAD.125851.PC	7.52e-18	81	0	0	0	1	NA	NA	NA	PF04234;COG2372;K14166	Copper-binding protein CopC (methionine-rich)
JAJIUH010000080.1_41	36759	37109	351	-1	0.632	11	AGGAG	GENOMAD.181497.PC	2.288e-09	56	0	0	0	1	NA	NA	NA	TIGR04401	twin-arginine translocation signal/Cys-rich four helix bundle protein
JAJIUH010000080.1_42	37180	37704	525	-1	0.630	11	GGA/GAG/AGG	NA	NA	NA	0	0	0	1	NA	NA	NA	NA	NA
JAJIUH010000080.1_43	37719	38228	510	-1	0.669	11	GGAG/GAGG	GENOMAD.194217.PC	3.52e-27	110	0	0	0	1	NA	NA	NA	PF13474;COG4875;TIGR02246	SnoaL-like domain
JAJIUH010000080.1_44	38248	39018	771	-1	0.637	11	GGA/GAG/AGG	GENOMAD.171213.PC	1.808e-35	138	0	0	0	1	NA	NA	NA	PF09086;TIGR03046;COG3245;K12263	photosystem II cytochrome PsbV2
JAJIUH010000080.1_45	39031	40152	1122	-1	0.632	11	GGAG/GAGG	GENOMAD.145955.PC	1.548e-48	181	0	0	0	1	NA	NA	NA	PF05275;COG3667;K07233	Uncharacterized protein involved in copper resistance
JAJIUH010000080.1_46	40149	42017	1869	-1	0.607	11	GGAG/GAGG	NA	NA	NA	0	0	0	1	NA	NA	NA	NA	NA
JAJIUH010000080.1_47	42314	42523	210	1	0.595	11	GGA/GAG/AGG	NA	NA	NA	0	0	0	1	NA	NA	NA	NA	NA
JAJIUH010000080.1_48	42725	43051	327	-1	0.618	11	None	NA	NA	NA	0	0	0	1	NA	NA	NA	NA	NA
JAJIUH010000093.1_1	3	431	429	-1	0.671	11	GGAG/GAGG	NA	NA	NA	0	0	0	1	NA	NA	NA	NA	NA
JAJIUH010000093.1_2	622	825	204	1	0.672	11	GGAGG	NA	NA	NA	0	0	0	1	NA	NA	NA	NA	NA
JAJIUH010000093.1_3	877	1590	714	1	0.682	11	None	NA	NA	NA	0	0	0	1	NA	NA	NA	NA	NA
JAJIUH010000093.1_4	1599	4562	2964	1	0.628	11	GGAG/GAGG	NA	NA	NA	0	0	0	1	NA	NA	NA	NA	NA
JAJIUH010000093.1_5	4893	6119	1227	-1	0.586	11	AGGA	NA	NA	NA	0	0	0	1	NA	NA	NA	NA	NA
JAJIUH010000093.1_6	6399	7586	1188	-1	0.620	11	None	NA	NA	NA	0	0	0	1	NA	NA	NA	NA	NA
JAJIUH010000093.1_7	7593	7856	264	-1	0.595	11	GGAG/GAGG	NA	NA	NA	0	0	0	1	NA	NA	NA	NA	NA
JAJIUH010000093.1_8	7881	8282	402	-1	0.545	11	GGA/GAG/AGG	GENOMAD.153152.PC	9.656e-08	52	0	0	0	1	NA	NA	NA	PF14367;K18828;COG1487;TIGR00028	Predicted nucleic acid-binding protein, contains PIN domain
JAJIUH010000093.1_9	8279	8539	261	-1	0.575	11	GGAG/GAGG	NA	NA	NA	0	0	0	1	NA	NA	NA	NA	NA
JAJIUH010000093.1_10	8729	9295	567	1	0.672	11	GGA/GAG/AGG	NA	NA	NA	0	0	0	1	NA	NA	NA	NA	NA
JAJIUH010000093.1_11	9567	10895	1329	-1	0.421	11	None	NA	NA	NA	0	0	0	1	NA	NA	NA	NA	NA
JAJIUH010000093.1_12	10995	12065	1071	-1	0.493	11	GGA/GAG/AGG	NA	NA	NA	0	0	0	1	NA	NA	NA	NA	NA
JAJIUH010000093.1_13	12341	12799	459	-1	0.575	11	AGGA/GGAG/GAGG	NA	NA	NA	0	0	0	1	NA	NA	NA	NA	NA
JAJIUH010000093.1_14	13107	13175	69	1	0.638	11	AGGAGG	NA	NA	NA	0	0	0	1	NA	NA	NA	NA	NA
