JBHJBP010000002.1_tRNA1_Met	252598	252673
JBHJBP010000004.1_tRNA1_Thr	96693	96768
JBHJBP010000007.1_tRNA1_Ala	87749	87824
JBHJBP010000007.1_tRNA2_Pro	174476	174552
JBHJBP010000008.1_tRNA1_Leu	167685	167771
JBHJBP010000012.1_tRNA1_Ser	19477	19567
JBHJBP010000012.1_tRNA2_Asp	27249	27325
JBHJBP010000012.1_tRNA3_Asp	27420	27496
JBHJBP010000012.1_tRNA4_Val	27525	27599
JBHJBP010000012.1_tRNA5_Leu	34338	34422
JBHJBP010000012.1_tRNA6_Lys	36318	36393
JBHJBP010000012.1_tRNA7_His	36487	36563
JBHJBP010000012.1_tRNA8_Arg	36596	36672
JBHJBP010000012.1_tRNA9_Pro	36715	36791
JBHJBP010000012.1_tRNA10_Trp	130189	130264
JBHJBP010000012.1_tRNA11_Thr	131608	131683
JBHJBP010000012.1_tRNA12_Gly	131717	131790
JBHJBP010000012.1_tRNA13_Tyr	131820	131905
JBHJBP010000012.1_tRNA14_Gln	135731	135807
JBHJBP010000014.1_tRNA1_Leu	65714	65800
JBHJBP010000017.1_tRNA1_Arg	90727	90803
JBHJBP010000017.1_tRNA2_Arg	90905	90981
JBHJBP010000018.1_tRNA1_Glu	72432	72507
JBHJBP010000018.1_tRNA2_Ala	72555	72630
JBHJBP010000018.1_tRNA3_Glu	73380	73455
JBHJBP010000018.1_tRNA4_Ala	73503	73578
