JAWUDQ010000010.1_tRNA1_Gln	57088	57162
JAWUDQ010000010.1_tRNA2_Met	57215	57291
JAWUDQ010000016.1_tRNA1_Ser	39077	39169
JAWUDQ010000017.1_tRNA1_Ser	19646	19736
JAWUDQ010000017.1_tRNA2_Asp	27425	27501
JAWUDQ010000017.1_tRNA3_Asp	27596	27672
JAWUDQ010000017.1_tRNA4_Val	27701	27775
JAWUDQ010000017.1_tRNA5_Leu	34514	34598
JAWUDQ010000017.1_tRNA6_Lys	36508	36583
JAWUDQ010000017.1_tRNA7_His	36677	36753
JAWUDQ010000017.1_tRNA8_Arg	36786	36862
JAWUDQ010000017.1_tRNA9_Pro	36905	36981
JAWUDQ010000019.1_tRNA1_Phe	50195	50270
JAWUDQ010000019.1_tRNA2_Pro	78866	78942
JAWUDQ010000024.1_tRNA1_Glu	72777	72852
JAWUDQ010000024.1_tRNA2_Ala	72900	72975
JAWUDQ010000024.1_tRNA3_Glu	73725	73800
JAWUDQ010000024.1_tRNA4_Ala	73848	73923
JAWUDQ010000026.1_tRNA1_Val	52325	52399
JAWUDQ010000002.1_tRNA1_Met	363168	363243
JAWUDQ010000005.1_tRNA1_Leu	167860	167946
JAWUDQ010000007.1_tRNA1_Trp	17034	17109
JAWUDQ010000007.1_tRNA2_Thr	18453	18528
JAWUDQ010000007.1_tRNA3_Gly	18562	18635
JAWUDQ010000007.1_tRNA4_Tyr	18665	18750
JAWUDQ010000007.1_tRNA5_Gln	22576	22652
JAWUDQ010000009.1_tRNA1_Thr	96820	96895
