ID	Length	Coverage	# ORFs	RDS	Circular	Inc Type(s)	# Replication	# Mobilization	# OriT	# Conjugation	# AMRs	# rRNAs	# Plasmid Hits
JAUALM020000026.1	72015	NA	75	0.7	no	0	0	0	0	1	0	0	1
JAUALM020000032.1	30942	NA	35	2.4	no	0	0	1	0	6	0	0	1
JAUALM020000035.1	24998	NA	27	1.0	no	0	0	1	0	5	0	0	0
JAUALM020000038.1	18296	NA	22	-0.2	no	0	0	1	0	2	0	0	0
JAUALM020000044.1	12819	NA	16	1.9	no	0	0	0	0	0	0	0	0
JAUALM020000047.1	11728	NA	13	0.5	no	0	0	0	0	0	0	0	1
JAUALM020000055.1	4575	NA	5	5.0	no	0	0	0	0	0	0	0	1
JAUALM020000067.1	1798	NA	3	1.2	no	0	0	0	0	0	0	0	1
JAUALM020000069.1	1692	NA	2	2.5	no	0	0	0	0	0	0	0	1
